{"Timer":{"mp_compute_time":1.1000000021965661e-08,"s_compute_time":1.000000082740371e-09,"ta_compute_time":-4.999999969612645e-09,"total_compute_time":0.0,"tp_compute_time":-7.000000135093387e-09},"makespan":4.60892391204834,"nodes_expanded":14,"nodes_visited":1205,"solved":true}