{"Timer":{"mp_compute_time":1.6999999630229468e-08,"s_compute_time":0.0,"ta_compute_time":0.0,"total_compute_time":0.0,"tp_compute_time":-1.6999999630229468e-08},"makespan":6.599015235900879,"nodes_expanded":18,"nodes_visited":2142,"solved":true}