{"Timer":{"mp_compute_time":2.5000000292152436e-08,"s_compute_time":1.000000082740371e-09,"ta_compute_time":1.1999999216527613e-08,"total_compute_time":0.0,"tp_compute_time":-3.799999959142042e-08},"makespan":25.06736183166504,"nodes_expanded":23,"nodes_visited":3927,"solved":true}