{"Timer":{"mp_compute_time":1.4999999464748726e-08,"s_compute_time":0.0,"ta_compute_time":-1.9999992773023223e-09,"total_compute_time":0.0,"tp_compute_time":-1.3000000187446403e-08},"makespan":18.18558120727539,"nodes_expanded":18,"nodes_visited":1798,"solved":true}