{"Timer":{"mp_compute_time":1.4999999464748726e-08,"s_compute_time":0.0,"ta_compute_time":0.0,"total_compute_time":0.0,"tp_compute_time":-1.4999999464748726e-08},"makespan":22.80411720275879,"nodes_expanded":18,"nodes_visited":2085,"solved":true}