{"Timer":{"mp_compute_time":1.5999999547489097e-08,"s_compute_time":0.0,"ta_compute_time":4.000000330961484e-09,"total_compute_time":0.0,"tp_compute_time":-1.999999987845058e-08},"makespan":13.323836326599121,"nodes_expanded":19,"nodes_visited":2394,"solved":true}