{"Timer":{"mp_compute_time":1.1000000021965661e-08,"s_compute_time":1.000000082740371e-09,"ta_compute_time":-3.000000248221113e-09,"total_compute_time":0.0,"tp_compute_time":-8.99999985648492e-09},"makespan":4.866678237915039,"nodes_expanded":14,"nodes_visited":1280,"solved":true}