{"Timer":{"mp_compute_time":3.899999967416079e-08,"s_compute_time":2.000000165480742e-09,"ta_compute_time":-2.5000000292152436e-08,"total_compute_time":0.0,"tp_compute_time":-1.5999999547489097e-08},"makespan":16.705455780029297,"nodes_expanded":18,"nodes_visited":2064,"solved":true}