{"Timer":{"mp_compute_time":2.2000000043931323e-08,"s_compute_time":1.000000082740371e-09,"ta_compute_time":-1.5000001241105565e-08,"total_compute_time":-1.7763568394002505e-15,"tp_compute_time":-7.999999773744548e-09},"makespan":14.273900032043457,"nodes_expanded":14,"nodes_visited":1274,"solved":true}