{"Timer":{"mp_compute_time":2.899999884675708e-08,"s_compute_time":1.000000082740371e-09,"ta_compute_time":-1.899999801935337e-08,"total_compute_time":0.0,"tp_compute_time":-1.1000000021965661e-08},"makespan":6.361725330352783,"nodes_expanded":16,"nodes_visited":1560,"solved":true}