{"Timer":{"mp_compute_time":1.1000000021965661e-08,"s_compute_time":0.0,"ta_compute_time":-7.999999773744548e-09,"total_compute_time":0.0,"tp_compute_time":-3.000000026176508e-09},"makespan":3.354827404022217,"nodes_expanded":10,"nodes_visited":630,"solved":true}