{"Timer":{"mp_compute_time":4.700000033608376e-08,"s_compute_time":3.000000248221113e-09,"ta_compute_time":-2.800000054037355e-08,"total_compute_time":0.0,"tp_compute_time":-2.2000000043931323e-08},"makespan":18.700359344482422,"nodes_expanded":21,"nodes_visited":2614,"solved":true}