{"Timer":{"mp_compute_time":2.2000000043931323e-08,"s_compute_time":0.0,"ta_compute_time":1.2999999299267984e-08,"total_compute_time":0.0,"tp_compute_time":-3.4999999343199306e-08},"makespan":16.93773651123047,"nodes_expanded":23,"nodes_visited":3542,"solved":true}