{"Timer":{"mp_compute_time":1.799999971296984e-08,"s_compute_time":0.0,"ta_compute_time":-3.000000248221113e-09,"total_compute_time":0.0,"tp_compute_time":-1.4999999464748726e-08},"makespan":14.328132629394531,"nodes_expanded":18,"nodes_visited":1994,"solved":true}