{"Timer":{"mp_compute_time":1.3000000187446403e-08,"s_compute_time":0.0,"ta_compute_time":-9.99999993922529e-09,"total_compute_time":0.0,"tp_compute_time":-3.000000026176508e-09},"makespan":4.687778472900391,"nodes_expanded":10,"nodes_visited":630,"solved":true}