{"Timer":{"mp_compute_time":1.5999999547489097e-08,"s_compute_time":0.0,"ta_compute_time":-1.000000082740371e-09,"total_compute_time":0.0,"tp_compute_time":-1.4999999464748726e-08},"makespan":7.914121627807617,"nodes_expanded":19,"nodes_visited":2042,"solved":true}