{"Timer":{"mp_compute_time":1.899999979571021e-08,"s_compute_time":0.0,"ta_compute_time":0.0,"total_compute_time":0.0,"tp_compute_time":-1.899999979571021e-08},"makespan":15.426383972167969,"nodes_expanded":20,"nodes_visited":2472,"solved":true}