{"Timer":{"mp_compute_time":3.2999999177718564e-08,"s_compute_time":0.0,"ta_compute_time":-1.799999971296984e-08,"total_compute_time":0.0,"tp_compute_time":-1.4999999464748726e-08},"makespan":17.530826568603516,"nodes_expanded":16,"nodes_visited":1920,"solved":true}