{"Timer":{"mp_compute_time":2.2000000043931323e-08,"s_compute_time":1.000000082740371e-09,"ta_compute_time":1.000000082740371e-09,"total_compute_time":0.0,"tp_compute_time":-2.4000000209412065e-08},"makespan":11.729869842529297,"nodes_expanded":20,"nodes_visited":2763,"solved":true}