{"Timer":{"mp_compute_time":1.6999999630229468e-08,"s_compute_time":2.000000165480742e-09,"ta_compute_time":-1.2999999299267984e-08,"total_compute_time":0.0,"tp_compute_time":-6.000000052353016e-09},"makespan":6.312127590179443,"nodes_expanded":13,"nodes_visited":1034,"solved":true}