{"Timer":{"mp_compute_time":2.2000000043931323e-08,"s_compute_time":0.0,"ta_compute_time":7.000000579182597e-09,"total_compute_time":0.0,"tp_compute_time":-2.900000062311392e-08},"makespan":14.487890243530273,"nodes_expanded":24,"nodes_visited":3191,"solved":true}