{"Timer":{"mp_compute_time":5.900000132896821e-08,"s_compute_time":4.000000330961484e-09,"ta_compute_time":-2.4000001985768904e-08,"total_compute_time":0.0,"tp_compute_time":-3.899999967416079e-08},"makespan":19.934364318847656,"nodes_expanded":26,"nodes_visited":4065,"solved":true}