{"Timer":{"mp_compute_time":1.799999971296984e-08,"s_compute_time":0.0,"ta_compute_time":-1.4999999464748726e-08,"total_compute_time":0.0,"tp_compute_time":-3.000000026176508e-09},"makespan":3.889808177947998,"nodes_expanded":10,"nodes_visited":585,"solved":true}