{"Timer":{"mp_compute_time":1.899999979571021e-08,"s_compute_time":1.000000082740371e-09,"ta_compute_time":-1.3999999382008355e-08,"total_compute_time":0.0,"tp_compute_time":-6.000000052353016e-09},"makespan":5.092360496520996,"nodes_expanded":14,"nodes_visited":1016,"solved":true}