{"Timer":{"mp_compute_time":1.2000000104706032e-08,"s_compute_time":0.0,"ta_compute_time":-8.000000661922968e-09,"total_compute_time":-8.881784197001252e-16,"tp_compute_time":-3.999999886872274e-09},"makespan":4.723968505859375,"nodes_expanded":10,"nodes_visited":675,"solved":true}