{"Timer":{"mp_compute_time":7.000000135093387e-09,"s_compute_time":0.0,"ta_compute_time":-4.000000330961484e-09,"total_compute_time":-4.440892098500626e-16,"tp_compute_time":-3.000000026176508e-09},"makespan":6.211920261383057,"nodes_expanded":10,"nodes_visited":630,"solved":true}