{"Timer":{"mp_compute_time":9.99999993922529e-09,"s_compute_time":0.0,"ta_compute_time":-2.000000165480742e-09,"total_compute_time":0.0,"tp_compute_time":-7.999999773744548e-09},"makespan":6.013429164886475,"nodes_expanded":13,"nodes_visited":936,"solved":true}