{"Timer":{"mp_compute_time":1.999999987845058e-08,"s_compute_time":0.0,"ta_compute_time":1.000000082740371e-09,"total_compute_time":0.0,"tp_compute_time":-2.099999996119095e-08},"makespan":17.918397903442383,"nodes_expanded":20,"nodes_visited":2554,"solved":true}