{"Timer":{"mp_compute_time":2.900000062311392e-08,"s_compute_time":0.0,"ta_compute_time":-2.100000173754779e-08,"total_compute_time":-1.7763568394002505e-15,"tp_compute_time":-7.999999773744548e-09},"makespan":4.824384689331055,"nodes_expanded":14,"nodes_visited":1274,"solved":true}