{"Timer":{"mp_compute_time":1.999999987845058e-08,"s_compute_time":1.000000082740371e-09,"ta_compute_time":-1.3000000187446403e-08,"total_compute_time":0.0,"tp_compute_time":-7.999999773744548e-09},"makespan":6.1760945320129395,"nodes_expanded":14,"nodes_visited":1274,"solved":true}