{"Timer":{"mp_compute_time":2.800000054037355e-08,"s_compute_time":2.9999984718642736e-09,"ta_compute_time":-1.4999999464748726e-08,"total_compute_time":0.0,"tp_compute_time":-1.5999999547489097e-08},"makespan":18.423675537109375,"nodes_expanded":17,"nodes_visited":2040,"solved":true}