{"Timer":{"mp_compute_time":8.399998563390909e-08,"s_compute_time":0.0,"ta_compute_time":1.280000105907675e-07,"total_compute_time":2.1200000333010394e-07,"tp_compute_time":0.0},"makespan":3.400012731552124,"nodes_expanded":17,"nodes_visited":2176,"solved":true}