{"Timer":{"mp_compute_time":1.5099995209766348e-07,"s_compute_time":4.999975544706103e-09,"ta_compute_time":3.9400003970513353e-07,"total_compute_time":5.499999815583578e-07,"tp_compute_time":0.0},"makespan":17.652645111083984,"nodes_expanded":23,"nodes_visited":3795,"solved":true}