{"Timer":{"mp_compute_time":2.800000054037355e-08,"s_compute_time":0.0,"ta_compute_time":3.000000248221113e-08,"total_compute_time":5.800000479894152e-08,"tp_compute_time":0.0},"makespan":2.7013204097747803,"nodes_expanded":17,"nodes_visited":863,"solved":true}