{"Timer":{"mp_compute_time":2.4000000209412065e-08,"s_compute_time":1.000000082740371e-09,"ta_compute_time":2.099999996119095e-08,"total_compute_time":4.600000025334339e-08,"tp_compute_time":0.0},"makespan":26.749723434448242,"nodes_expanded":25,"nodes_visited":3585,"solved":true}