{"Timer":{"mp_compute_time":7.499995291482264e-08,"s_compute_time":0.0,"ta_compute_time":9.80000507411205e-08,"total_compute_time":1.7300000365594315e-07,"tp_compute_time":0.0},"makespan":12.983840942382813,"nodes_expanded":17,"nodes_visited":1800,"solved":true}