{"Timer":{"mp_compute_time":2.800000054037355e-08,"s_compute_time":0.0,"ta_compute_time":1.899999979571021e-08,"total_compute_time":4.700000033608376e-08,"tp_compute_time":0.0},"makespan":6.786057949066162,"nodes_expanded":11,"nodes_visited":258,"solved":true}