{"Timer":{"mp_compute_time":9.099994713324122e-08,"s_compute_time":1.4210854715202004e-14,"ta_compute_time":2.0600005257165321e-07,"total_compute_time":2.9700001391574915e-07,"tp_compute_time":0.0},"makespan":14.899516105651855,"nodes_expanded":20,"nodes_visited":2564,"solved":true}