{"Timer":{"mp_compute_time":2.800000054037355e-08,"s_compute_time":0.0,"ta_compute_time":9.299999703671347e-08,"total_compute_time":1.2099999935344385e-07,"tp_compute_time":0.0},"makespan":6.545999526977539,"nodes_expanded":16,"nodes_visited":1560,"solved":true}