{"Timer":{"mp_compute_time":3.699999950868005e-08,"s_compute_time":0.0,"ta_compute_time":3.000000248221113e-08,"total_compute_time":6.700000199089118e-08,"tp_compute_time":0.0},"makespan":5.376359462738037,"nodes_expanded":11,"nodes_visited":825,"solved":true}