{"Timer":{"mp_compute_time":5.700000116348747e-08,"s_compute_time":0.0,"ta_compute_time":3.5999995873226e-08,"total_compute_time":9.299999703671347e-08,"tp_compute_time":0.0},"makespan":13.517168045043945,"nodes_expanded":15,"nodes_visited":492,"solved":true}