{"Timer":{"mp_compute_time":5.000000058430487e-08,"s_compute_time":0.0,"ta_compute_time":1.0600000166505197e-07,"total_compute_time":1.5599999869664316e-07,"tp_compute_time":0.0},"makespan":12.658209800720215,"nodes_expanded":18,"nodes_visited":1688,"solved":true}