{"Timer":{"mp_compute_time":2.4000000209412065e-08,"s_compute_time":0.0,"ta_compute_time":6.799999852091787e-08,"total_compute_time":9.200000050668677e-08,"tp_compute_time":0.0},"makespan":3.260098695755005,"nodes_expanded":19,"nodes_visited":1554,"solved":true}