{"Timer":{"mp_compute_time":1.059999803487699e-07,"s_compute_time":0.0,"ta_compute_time":2.2800000465394987e-07,"total_compute_time":3.339999921081471e-07,"tp_compute_time":0.0},"makespan":12.651543617248535,"nodes_expanded":22,"nodes_visited":2591,"solved":true}