{"Timer":{"mp_compute_time":8.399998563390909e-08,"s_compute_time":0.0,"ta_compute_time":7.000002000268069e-08,"total_compute_time":1.5400000563658978e-07,"tp_compute_time":0.0},"makespan":12.503886222839355,"nodes_expanded":14,"nodes_visited":1274,"solved":true}