{"Timer":{"mp_compute_time":3.999999975690116e-08,"s_compute_time":0.0,"ta_compute_time":1.3799999010188913e-07,"total_compute_time":1.7799999341150397e-07,"tp_compute_time":0.0},"makespan":5.9224982261657715,"nodes_expanded":18,"nodes_visited":2048,"solved":true}