{"Timer":{"mp_compute_time":6.199999091904829e-08,"s_compute_time":0.0,"ta_compute_time":3.010000000358559e-07,"total_compute_time":3.6299999806033156e-07,"tp_compute_time":0.0},"makespan":12.613458633422852,"nodes_expanded":26,"nodes_visited":3135,"solved":true}