{"Timer":{"mp_compute_time":1.1000000021965661e-08,"s_compute_time":0.0,"ta_compute_time":-4.999999969612645e-09,"total_compute_time":6.000000052353016e-09,"tp_compute_time":0.0},"makespan":14.545408248901367,"nodes_expanded":13,"nodes_visited":936,"solved":true}