{"Timer":{"mp_compute_time":1.6999999630229468e-08,"s_compute_time":0.0,"ta_compute_time":-1.000000082740371e-09,"total_compute_time":1.5999999547489097e-08,"tp_compute_time":0.0},"makespan":17.352401733398438,"nodes_expanded":17,"nodes_visited":1904,"solved":true}