{"Timer":{"mp_compute_time":4.800000041882413e-08,"s_compute_time":0.0,"ta_compute_time":1.2999998943996616e-07,"total_compute_time":1.7799999341150397e-07,"tp_compute_time":0.0},"makespan":13.825251579284668,"nodes_expanded":17,"nodes_visited":1904,"solved":true}