{"Timer":{"mp_compute_time":9.999995143061824e-08,"s_compute_time":1.4210854715202004e-14,"ta_compute_time":2.720000225053809e-07,"total_compute_time":3.7199998814685387e-07,"tp_compute_time":0.0},"makespan":12.316136360168457,"nodes_expanded":20,"nodes_visited":2544,"solved":true}