{"Timer":{"mp_compute_time":4.800000041882413e-08,"s_compute_time":0.0,"ta_compute_time":8.699998943484388e-08,"total_compute_time":1.349999934063817e-07,"tp_compute_time":0.0},"makespan":12.658477783203125,"nodes_expanded":18,"nodes_visited":1797,"solved":true}