{"Timer":{"mp_compute_time":9.600000083764826e-08,"s_compute_time":9.999965300266922e-10,"ta_compute_time":-8.099999604382901e-08,"total_compute_time":1.6000001323845936e-08,"tp_compute_time":0.0},"makespan":22.958518981933594,"nodes_expanded":17,"nodes_visited":1915,"solved":true}