{"Timer":{"mp_compute_time":2.800000054037355e-08,"s_compute_time":0.0,"ta_compute_time":1.069999910896513e-07,"total_compute_time":1.349999934063817e-07,"tp_compute_time":0.0},"makespan":3.4242897033691406,"nodes_expanded":20,"nodes_visited":2078,"solved":true}