{"Timer":{"mp_compute_time":1.0099995506607229e-07,"s_compute_time":0.0,"ta_compute_time":1.1100004826403165e-07,"total_compute_time":2.1200000333010394e-07,"tp_compute_time":0.0},"makespan":12.26559066772461,"nodes_expanded":18,"nodes_visited":1944,"solved":true}