{"Timer":{"mp_compute_time":5.99999978589949e-08,"s_compute_time":0.0,"ta_compute_time":8.100000314925637e-08,"total_compute_time":1.4100000100825127e-07,"tp_compute_time":0.0},"makespan":3.719205617904663,"nodes_expanded":22,"nodes_visited":1604,"solved":true}