{"Timer":{"mp_compute_time":3.699999950868005e-08,"s_compute_time":0.0,"ta_compute_time":2.6999998681276338e-08,"total_compute_time":6.399999818995639e-08,"tp_compute_time":0.0},"makespan":2.567776918411255,"nodes_expanded":12,"nodes_visited":925,"solved":true}