{"Timer":{"mp_compute_time":3.099999901223782e-08,"s_compute_time":0.0,"ta_compute_time":1.610000026630587e-07,"total_compute_time":1.9200000167529652e-07,"tp_compute_time":0.0},"makespan":4.8744707107543945,"nodes_expanded":163,"nodes_visited":2572,"solved":true}