{"Timer":{"mp_compute_time":7.399997770107802e-08,"s_compute_time":0.0,"ta_compute_time":7.500002396909622e-08,"total_compute_time":1.4900000167017424e-07,"tp_compute_time":0.0},"makespan":12.760274887084961,"nodes_expanded":15,"nodes_visited":1369,"solved":true}