{"Timer":{"mp_compute_time":9.899994068973683e-08,"s_compute_time":2.000000165480742e-09,"ta_compute_time":1.4100005785167014e-07,"total_compute_time":2.419999987068877e-07,"tp_compute_time":0.0},"makespan":14.958178520202637,"nodes_expanded":18,"nodes_visited":2054,"solved":true}