{"Timer":{"mp_compute_time":3.999999975690116e-08,"s_compute_time":2.000000165480742e-09,"ta_compute_time":-2.7000000457633178e-08,"total_compute_time":1.4999999464748726e-08,"tp_compute_time":0.0},"makespan":13.69764232635498,"nodes_expanded":17,"nodes_visited":1768,"solved":true}