{"Timer":{"mp_compute_time":2.3000000126671694e-08,"s_compute_time":0.0,"ta_compute_time":5.5000000998006726e-08,"total_compute_time":7.799999934832158e-08,"tp_compute_time":0.0},"makespan":5.388883590698242,"nodes_expanded":15,"nodes_visited":1308,"solved":true}