{"Timer":{"mp_compute_time":5.200000074978561e-08,"s_compute_time":0.0,"ta_compute_time":1.219999887780432e-07,"total_compute_time":1.7399999308054248e-07,"tp_compute_time":0.0},"makespan":4.97506046295166,"nodes_expanded":21,"nodes_visited":2060,"solved":true}