{"Timer":{"mp_compute_time":2.800000054037355e-08,"s_compute_time":0.0,"ta_compute_time":1.089999983605594e-07,"total_compute_time":1.370000006772898e-07,"tp_compute_time":0.0},"makespan":3.2496485710144043,"nodes_expanded":19,"nodes_visited":2078,"solved":true}