{"Timer":{"mp_compute_time":8.99999985648492e-09,"s_compute_time":0.0,"ta_compute_time":8.99999985648492e-09,"total_compute_time":1.799999971296984e-08,"tp_compute_time":0.0},"makespan":2.2574329376220703,"nodes_expanded":76,"nodes_visited":485,"solved":true}