{"Timer":{"mp_compute_time":1.999999987845058e-08,"s_compute_time":0.0,"ta_compute_time":8.000000661922968e-09,"total_compute_time":2.800000054037355e-08,"tp_compute_time":0.0},"makespan":12.721717834472656,"nodes_expanded":8,"nodes_visited":159,"solved":true}