{"Timer":{"mp_compute_time":1.0399996597243444e-07,"s_compute_time":0.0,"ta_compute_time":7.500003107452358e-08,"total_compute_time":1.7899999704695801e-07,"tp_compute_time":0.0},"makespan":12.639944076538086,"nodes_expanded":18,"nodes_visited":1677,"solved":true}