{"Timer":{"mp_compute_time":2.800000054037355e-08,"s_compute_time":0.0,"ta_compute_time":9.500000430762157e-08,"total_compute_time":1.2300000662435195e-07,"tp_compute_time":0.0},"makespan":6.967193603515625,"nodes_expanded":16,"nodes_visited":1560,"solved":true}