{"Timer":{"mp_compute_time":1.0899998414970469e-07,"s_compute_time":1.0000036354540498e-09,"ta_compute_time":4.000014541816199e-09,"total_compute_time":1.1400000232697494e-07,"tp_compute_time":0.0},"makespan":5.555394649505615,"nodes_expanded":9,"nodes_visited":148,"solved":true}