{"Timer":{"mp_compute_time":1.3000000187446403e-08,"s_compute_time":0.0,"ta_compute_time":1.000000082740371e-09,"total_compute_time":1.4000000270186774e-08,"tp_compute_time":0.0},"makespan":6.537117958068848,"nodes_expanded":16,"nodes_visited":1560,"solved":true}