{"Timer":{"mp_compute_time":1.2399995341638714e-07,"s_compute_time":0.0,"ta_compute_time":1.3300005718974717e-07,"total_compute_time":2.570000106061343e-07,"tp_compute_time":0.0},"makespan":13.776290893554688,"nodes_expanded":18,"nodes_visited":1836,"solved":true}