{"Timer":{"mp_compute_time":6.699998778003646e-08,"s_compute_time":0.0,"ta_compute_time":1.3100000728627492e-07,"total_compute_time":1.9799999506631139e-07,"tp_compute_time":0.0},"makespan":4.315148830413818,"nodes_expanded":35,"nodes_visited":2029,"solved":true}