{"Timer":{"mp_compute_time":1.0599996613791518e-07,"s_compute_time":7.105427357601002e-15,"ta_compute_time":3.300002049400064e-08,"total_compute_time":1.3899999373734317e-07,"tp_compute_time":0.0},"makespan":5.474081993103027,"nodes_expanded":56,"nodes_visited":760,"solved":true}