{"Timer":{"mp_compute_time":8.099992498955544e-08,"s_compute_time":2.6999984470421623e-08,"ta_compute_time":3.775399818550795e-05,"total_compute_time":3.7861998862354085e-05,"tp_compute_time":0.0},"makespan":12.852934837341309,"nodes_expanded":8053,"nodes_visited":113209,"solved":true}