{"Timer":{"mp_compute_time":7.399994927936859e-08,"s_compute_time":0.0,"ta_compute_time":1.449000137654366e-06,"total_compute_time":1.523000037195743e-06,"tp_compute_time":0.0},"makespan":14.230180740356445,"nodes_expanded":321,"nodes_visited":8558,"solved":true}