{"Timer":{"mp_compute_time":1.4399995507119456e-07,"s_compute_time":4.000014541816199e-09,"ta_compute_time":3.960000185543322e-07,"total_compute_time":5.43999988167343e-07,"tp_compute_time":0.0},"makespan":12.521469116210938,"nodes_expanded":30,"nodes_visited":4115,"solved":true}