{"Timer":{"mp_compute_time":7.299996696019662e-08,"s_compute_time":7.105427357601002e-15,"ta_compute_time":2.4000023302050977e-08,"total_compute_time":9.699999736767495e-08,"tp_compute_time":0.0},"makespan":4.296659469604492,"nodes_expanded":47,"nodes_visited":575,"solved":true}