{"Timer":{"mp_compute_time":3.799999959142042e-08,"s_compute_time":0.0,"ta_compute_time":1.1600000959788304e-07,"total_compute_time":1.5400000563658978e-07,"tp_compute_time":0.0},"makespan":12.373336791992188,"nodes_expanded":21,"nodes_visited":2013,"solved":true}