{"Timer":{"mp_compute_time":1.0899998414970469e-07,"s_compute_time":9.999965300266922e-10,"ta_compute_time":2.1000002448090527e-07,"total_compute_time":3.199999980552093e-07,"tp_compute_time":0.0},"makespan":13.006278991699219,"nodes_expanded":20,"nodes_visited":2912,"solved":true}