{"Timer":{"mp_compute_time":1.0599995192706047e-07,"s_compute_time":9.999965300266922e-10,"ta_compute_time":6.900005189436342e-08,"total_compute_time":1.7600000035145058e-07,"tp_compute_time":0.0},"makespan":12.665824890136719,"nodes_expanded":14,"nodes_visited":1365,"solved":true}