{"Timer":{"mp_compute_time":1.799999971296984e-08,"s_compute_time":0.0,"ta_compute_time":1.5999999547489097e-08,"total_compute_time":3.3999999260458935e-08,"tp_compute_time":0.0},"makespan":2.632380485534668,"nodes_expanded":10,"nodes_visited":630,"solved":true}