{"Timer":{"mp_compute_time":2.900000062311392e-08,"s_compute_time":0.0,"ta_compute_time":1.52999987790281e-07,"total_compute_time":1.8199999374246545e-07,"tp_compute_time":0.0},"makespan":3.709303855895996,"nodes_expanded":27,"nodes_visited":2356,"solved":true}