{"Timer":{"mp_compute_time":2.099999996119095e-08,"s_compute_time":1.000000082740371e-09,"ta_compute_time":-1.999999987845058e-08,"total_compute_time":2.000000165480742e-09,"tp_compute_time":0.0},"makespan":9.876628875732422,"nodes_expanded":11,"nodes_visited":440,"solved":true}