{"Timer":{"mp_compute_time":4.800000041882413e-08,"s_compute_time":1.999999810209374e-08,"ta_compute_time":1.1473000085970853e-05,"total_compute_time":1.1541000276338309e-05,"tp_compute_time":0.0},"makespan":3.8857927322387695,"nodes_expanded":2934,"nodes_visited":163559,"solved":true}