{"Timer":{"mp_compute_time":1.4999999464748726e-08,"s_compute_time":1.000000082740371e-09,"ta_compute_time":-1.9999992773023223e-09,"total_compute_time":1.4000000270186774e-08,"tp_compute_time":0.0},"makespan":13.594199180603027,"nodes_expanded":14,"nodes_visited":1274,"solved":true}