{"Timer":{"mp_compute_time":2.800000054037355e-08,"s_compute_time":0.0,"ta_compute_time":1.260000033198594e-07,"total_compute_time":1.5400000563658978e-07,"tp_compute_time":0.0},"makespan":5.965911865234375,"nodes_expanded":16,"nodes_visited":1800,"solved":true}