{"Timer":{"mp_compute_time":3.799999959142042e-08,"s_compute_time":1.000000082740371e-09,"ta_compute_time":5.5000000998006726e-08,"total_compute_time":9.400000067216752e-08,"tp_compute_time":0.0},"makespan":8.539918899536133,"nodes_expanded":13,"nodes_visited":1170,"solved":true}