{"Timer":{"mp_compute_time":2.6000000374892807e-08,"s_compute_time":0.0,"ta_compute_time":-2.2000000043931323e-08,"total_compute_time":4.000000330961484e-09,"tp_compute_time":0.0},"makespan":6.226202011108398,"nodes_expanded":10,"nodes_visited":630,"solved":true}