{"Timer":{"mp_compute_time":1.1799996002537227e-07,"s_compute_time":1.9999930600533844e-09,"ta_compute_time":1.0000005090660125e-07,"total_compute_time":2.200000039920269e-07,"tp_compute_time":0.0},"makespan":9.394571304321289,"nodes_expanded":17,"nodes_visited":1544,"solved":true}