{"Timer":{"mp_compute_time":2.800000054037355e-08,"s_compute_time":0.0,"ta_compute_time":1.239999960489513e-07,"total_compute_time":1.5199999836568168e-07,"tp_compute_time":0.0},"makespan":3.827188014984131,"nodes_expanded":22,"nodes_visited":2057,"solved":true}