{"Timer":{"mp_compute_time":5.5000000998006726e-08,"s_compute_time":0.0,"ta_compute_time":2.6000002151249646e-08,"total_compute_time":8.100000314925637e-08,"tp_compute_time":0.0},"makespan":8.133430480957031,"nodes_expanded":47,"nodes_visited":465,"solved":true}