{"Timer":{"mp_compute_time":5.700000116348747e-08,"s_compute_time":0.0,"ta_compute_time":4.90000005015645e-08,"total_compute_time":1.0600000166505197e-07,"tp_compute_time":0.0},"makespan":12.564811706542969,"nodes_expanded":17,"nodes_visited":1231,"solved":true}