{"Timer":{"mp_compute_time":1.4499990186322975e-07,"s_compute_time":2.00003569261753e-09,"ta_compute_time":3.900000820067362e-07,"total_compute_time":5.370000053517288e-07,"tp_compute_time":0.0},"makespan":23.62688446044922,"nodes_expanded":22,"nodes_visited":3465,"solved":true}