{"Timer":{"mp_compute_time":5.4000000915266355e-08,"s_compute_time":4.4000000087862645e-08,"ta_compute_time":2.4259999918285757e-05,"total_compute_time":2.4357999791391194e-05,"tp_compute_time":0.0},"makespan":3.716094493865967,"nodes_expanded":21517,"nodes_visited":506164,"solved":true}