{"Timer":{"mp_compute_time":2.6000000374892807e-08,"s_compute_time":0.0,"ta_compute_time":6.999998802825758e-09,"total_compute_time":3.2999999177718564e-08,"tp_compute_time":0.0},"makespan":12.515640258789063,"nodes_expanded":12,"nodes_visited":163,"solved":true}