{"Timer":{"mp_compute_time":5.5000000998006726e-08,"s_compute_time":0.0,"ta_compute_time":1.260000033198594e-07,"total_compute_time":1.8100000431786611e-07,"tp_compute_time":0.0},"makespan":3.818413734436035,"nodes_expanded":61,"nodes_visited":2402,"solved":true}