{"Timer":{"mp_compute_time":1.899999979571021e-08,"s_compute_time":0.0,"ta_compute_time":2.2000000043931323e-08,"total_compute_time":4.099999983964153e-08,"tp_compute_time":0.0},"makespan":2.3700144290924072,"nodes_expanded":13,"nodes_visited":729,"solved":true}