{"Timer":{"mp_compute_time":5.60000010807471e-08,"s_compute_time":1.000000082740371e-09,"ta_compute_time":3.4900000400739373e-07,"total_compute_time":4.0599999806545384e-07,"tp_compute_time":0.0},"makespan":4.645406723022461,"nodes_expanded":227,"nodes_visited":3172,"solved":true}