{"Timer":{"mp_compute_time":2.5000000292152436e-08,"s_compute_time":0.0,"ta_compute_time":2.48000020519612e-07,"total_compute_time":2.7300001192998025e-07,"tp_compute_time":0.0},"makespan":3.37284517288208,"nodes_expanded":529,"nodes_visited":5532,"solved":true}