{"Timer":{"mp_compute_time":7.499998133653207e-08,"s_compute_time":1.0000036354540498e-09,"ta_compute_time":1.2000015203739167e-08,"total_compute_time":8.800000017572529e-08,"tp_compute_time":0.0},"makespan":5.299738883972168,"nodes_expanded":10,"nodes_visited":315,"solved":true}