{"Timer":{"mp_compute_time":2.099999996119095e-08,"s_compute_time":1.999999987845058e-08,"ta_compute_time":2.4031000066315755e-05,"total_compute_time":2.407200008747168e-05,"tp_compute_time":0.0},"makespan":-1,"solved":false}