{"Timer":{"mp_compute_time":7.499999554738679e-08,"s_compute_time":7.105427357601002e-15,"ta_compute_time":-7.500000265281415e-08,"total_compute_time":0.0,"tp_compute_time":0.0},"makespan":8.057989120483398,"nodes_expanded":8,"nodes_visited":140,"solved":true}