{"Timer":{"mp_compute_time":1.4999999464748726e-08,"s_compute_time":0.0,"ta_compute_time":1.4999999464748726e-08,"total_compute_time":2.999999892949745e-08,"tp_compute_time":0.0},"makespan":12.977909088134766,"nodes_expanded":17,"nodes_visited":1904,"solved":true}