{"Timer":{"mp_compute_time":7.999999773744548e-09,"s_compute_time":1.000000082740371e-09,"ta_compute_time":-1.000000082740371e-09,"total_compute_time":7.999999773744548e-09,"tp_compute_time":0.0},"makespan":4.791525840759277,"nodes_expanded":11,"nodes_visited":720,"solved":true}