{"Timer":{"mp_compute_time":4.90000005015645e-08,"s_compute_time":1.000000082740371e-09,"ta_compute_time":4.0199998352363764e-07,"total_compute_time":4.519999663443741e-07,"tp_compute_time":0.0},"makespan":3.3998305797576904,"nodes_expanded":334,"nodes_visited":8274,"solved":true}