{"Timer":{"mp_compute_time":6.09999943890216e-08,"s_compute_time":0.0,"ta_compute_time":2.1200001754095865e-07,"total_compute_time":2.7300001192998025e-07,"tp_compute_time":0.0},"makespan":12.773090362548828,"nodes_expanded":20,"nodes_visited":2850,"solved":true}