{"Timer":{"mp_compute_time":7.799993539947536e-08,"s_compute_time":0.0,"ta_compute_time":6.070000608815462e-07,"total_compute_time":6.849999749647395e-07,"tp_compute_time":0.0},"makespan":12.671390533447266,"nodes_expanded":27,"nodes_visited":4855,"solved":true}