{"Timer":{"mp_compute_time":7.499999554738679e-08,"s_compute_time":0.0,"ta_compute_time":3.900000677958815e-08,"total_compute_time":1.1400000232697494e-07,"tp_compute_time":0.0},"makespan":6.99737024307251,"nodes_expanded":14,"nodes_visited":986,"solved":true}