{"Timer":{"mp_compute_time":2.099999996119095e-08,"s_compute_time":0.0,"ta_compute_time":0.0,"total_compute_time":2.099999996119095e-08,"tp_compute_time":0.0},"makespan":20.10739517211914,"nodes_expanded":20,"nodes_visited":2367,"solved":true}