{"Timer":{"mp_compute_time":1.1000000021965661e-08,"s_compute_time":0.0,"ta_compute_time":-3.000000248221113e-09,"total_compute_time":7.999999773744548e-09,"tp_compute_time":0.0},"makespan":8.547632217407227,"nodes_expanded":13,"nodes_visited":1170,"solved":true}