{"Timer":{"mp_compute_time":4.90000005015645e-08,"s_compute_time":1.000000082740371e-09,"ta_compute_time":9.579999868947198e-07,"total_compute_time":1.0080000265588751e-06,"tp_compute_time":0.0},"makespan":6.517544746398926,"nodes_expanded":488,"nodes_visited":10632,"solved":true}