{"Timer":{"mp_compute_time":1.799999971296984e-08,"s_compute_time":0.0,"ta_compute_time":1.2999999299267984e-08,"total_compute_time":3.099999901223782e-08,"tp_compute_time":0.0},"makespan":5.859299182891846,"nodes_expanded":10,"nodes_visited":315,"solved":true}