{"Timer":{"mp_compute_time":4.999999969612645e-09,"s_compute_time":0.0,"ta_compute_time":-4.999999969612645e-09,"total_compute_time":0.0,"tp_compute_time":0.0},"makespan":4.957715034484863,"nodes_expanded":7,"nodes_visited":105,"solved":true}