{"Timer":{"mp_compute_time":7.999999773744548e-09,"s_compute_time":0.0,"ta_compute_time":-9.999996386511611e-10,"total_compute_time":7.000000135093387e-09,"tp_compute_time":0.0},"makespan":5.703363418579102,"nodes_expanded":10,"nodes_visited":315,"solved":true}