{"Timer":{"mp_compute_time":3.099999901223782e-08,"s_compute_time":1.000000082740371e-09,"ta_compute_time":9.38999960453657e-07,"total_compute_time":9.709999631013488e-07,"tp_compute_time":0.0},"makespan":3.464449405670166,"nodes_expanded":1678,"nodes_visited":23418,"solved":true}