{"Timer":{"mp_compute_time":9.99999993922529e-09,"s_compute_time":0.0,"ta_compute_time":-4.999999969612645e-09,"total_compute_time":4.999999969612645e-09,"tp_compute_time":0.0},"makespan":5.178533554077148,"nodes_expanded":11,"nodes_visited":825,"solved":true}