{"Timer":{"mp_compute_time":3.2999999177718564e-08,"s_compute_time":4.6000003806057066e-08,"ta_compute_time":2.9439999707392417e-05,"total_compute_time":2.9519000236177817e-05,"tp_compute_time":0.0},"makespan":4.9450788497924805,"nodes_expanded":12514,"nodes_visited":349112,"solved":true}