{"Timer":{"mp_compute_time":3.599999942593968e-08,"s_compute_time":0.0,"ta_compute_time":2.2000001820288162e-08,"total_compute_time":5.800000124622784e-08,"tp_compute_time":0.0},"makespan":5.824207782745361,"nodes_expanded":10,"nodes_visited":630,"solved":true}