{"Timer":{"mp_compute_time":5.000000058430487e-08,"s_compute_time":0.0,"ta_compute_time":7.700000992372225e-08,"total_compute_time":1.2700000695531344e-07,"tp_compute_time":0.0},"makespan":12.71043586730957,"nodes_expanded":15,"nodes_visited":1470,"solved":true}