{"Timer":{"mp_compute_time":2.900000062311392e-08,"s_compute_time":0.0,"ta_compute_time":1.6999999630229468e-08,"total_compute_time":4.600000025334339e-08,"tp_compute_time":0.0},"makespan":2.432004928588867,"nodes_expanded":11,"nodes_visited":654,"solved":true}