{"Timer":{"mp_compute_time":6.199999091904829e-08,"s_compute_time":0.0,"ta_compute_time":2.7000005786703696e-08,"total_compute_time":8.899999670575198e-08,"tp_compute_time":0.0},"makespan":7.833188056945801,"nodes_expanded":15,"nodes_visited":404,"solved":true}