{"Timer":{"mp_compute_time":3.3999999260458935e-08,"s_compute_time":0.0,"ta_compute_time":1.6000001323845936e-08,"total_compute_time":5.000000058430487e-08,"tp_compute_time":0.0},"makespan":12.560576438903809,"nodes_expanded":12,"nodes_visited":276,"solved":true}