{"Timer":{"mp_compute_time":5.700000116348747e-08,"s_compute_time":0.0,"ta_compute_time":8.500000348021786e-08,"total_compute_time":1.4200000464370532e-07,"tp_compute_time":0.0},"makespan":4.632381439208984,"nodes_expanded":18,"nodes_visited":1603,"solved":true}