{"Timer":{"mp_compute_time":3.899999967416079e-08,"s_compute_time":0.0,"ta_compute_time":3.099999901223782e-08,"total_compute_time":6.999999868639861e-08,"tp_compute_time":0.0},"makespan":9.305631637573242,"nodes_expanded":12,"nodes_visited":299,"solved":true}