{"Timer":{"mp_compute_time":5.3000000832525984e-08,"s_compute_time":1.000000082740371e-09,"ta_compute_time":3.10000025649515e-08,"total_compute_time":8.500000348021786e-08,"tp_compute_time":0.0},"makespan":2.7097373008728027,"nodes_expanded":13,"nodes_visited":939,"solved":true}