{"Timer":{"mp_compute_time":1.1699996349534558e-07,"s_compute_time":2.000000165480742e-09,"ta_compute_time":3.300003470485535e-08,"total_compute_time":1.5199999836568168e-07,"tp_compute_time":0.0},"makespan":2.400691509246826,"nodes_expanded":14,"nodes_visited":993,"solved":true}