{"Timer":{"mp_compute_time":1.5999999547489097e-08,"s_compute_time":1.000000082740371e-09,"ta_compute_time":1.6669999922669376e-06,"total_compute_time":1.683999926171964e-06,"tp_compute_time":0.0},"makespan":3.6183559894561768,"nodes_expanded":3797,"nodes_visited":38208,"solved":true}