{"Timer":{"mp_compute_time":2.900000062311392e-08,"s_compute_time":0.0,"ta_compute_time":1.1999999216527613e-08,"total_compute_time":4.099999983964153e-08,"tp_compute_time":0.0},"makespan":18.825912475585938,"nodes_expanded":10,"nodes_visited":270,"solved":true}