{"Timer":{"mp_compute_time":8.299991804960882e-08,"s_compute_time":0.0,"ta_compute_time":6.570001005457016e-07,"total_compute_time":7.400000185953104e-07,"tp_compute_time":0.0},"makespan":24.952438354492188,"nodes_expanded":27,"nodes_visited":4850,"solved":true}