{"Timer":{"mp_compute_time":3.3999999260458935e-08,"s_compute_time":0.0,"ta_compute_time":4.700000388879744e-08,"total_compute_time":8.100000314925637e-08,"tp_compute_time":0.0},"makespan":3.8960676193237305,"nodes_expanded":15,"nodes_visited":1059,"solved":true}