{"Timer":{"mp_compute_time":6.599997703915506e-08,"s_compute_time":0.0,"ta_compute_time":2.5300002448602754e-07,"total_compute_time":3.1900000863060995e-07,"tp_compute_time":0.0},"makespan":12.640767097473145,"nodes_expanded":27,"nodes_visited":3140,"solved":true}