{"Timer":{"mp_compute_time":2.4000000209412065e-08,"s_compute_time":1.000000082740371e-09,"ta_compute_time":3.099999901223782e-08,"total_compute_time":5.599999752803342e-08,"tp_compute_time":0.0},"makespan":26.53335189819336,"nodes_expanded":27,"nodes_visited":4850,"solved":true}