{"Timer":{"mp_compute_time":2.999999892949745e-08,"s_compute_time":0.0,"ta_compute_time":4.600000025334339e-08,"total_compute_time":7.599999918284084e-08,"tp_compute_time":0.0},"makespan":5.551547527313232,"nodes_expanded":13,"nodes_visited":1014,"solved":true}