{"Timer":{"mp_compute_time":5.900000132896821e-08,"s_compute_time":1.9999930600533844e-09,"ta_compute_time":1.451000002816727e-06,"total_compute_time":1.511999926151475e-06,"tp_compute_time":0.0},"makespan":3.5079684257507324,"nodes_expanded":775,"nodes_visited":23281,"solved":true}