{"Timer":{"mp_compute_time":1.9099999803984247e-07,"s_compute_time":2.000021481762815e-09,"ta_compute_time":2.1299997854384856e-07,"total_compute_time":4.0599999806545384e-07,"tp_compute_time":0.0},"makespan":13.35898494720459,"nodes_expanded":20,"nodes_visited":2660,"solved":true}