{"Timer":{"mp_compute_time":5.100000066704524e-08,"s_compute_time":0.0,"ta_compute_time":3.200000264769187e-08,"total_compute_time":8.300000331473711e-08,"tp_compute_time":0.0},"makespan":18.786029815673828,"nodes_expanded":14,"nodes_visited":508,"solved":true}