{"Timer":{"mp_compute_time":9.79999512651375e-08,"s_compute_time":0.0,"ta_compute_time":1.0500004776758942e-07,"total_compute_time":2.0299999903272692e-07,"tp_compute_time":0.0},"makespan":12.27513313293457,"nodes_expanded":17,"nodes_visited":1768,"solved":true}