{"Timer":{"mp_compute_time":1.5999999547489097e-08,"s_compute_time":0.0,"ta_compute_time":7.699999571286753e-08,"total_compute_time":9.299999703671347e-08,"tp_compute_time":0.0},"makespan":3.7416226863861084,"nodes_expanded":90,"nodes_visited":1616,"solved":true}