{"Timer":{"mp_compute_time":1.339999471383635e-07,"s_compute_time":1.0000036354540498e-09,"ta_compute_time":4.2800007804544293e-07,"total_compute_time":5.630000146084058e-07,"tp_compute_time":0.0},"makespan":12.673830032348633,"nodes_expanded":27,"nodes_visited":3975,"solved":true}