{"Timer":{"mp_compute_time":9.499992614792063e-08,"s_compute_time":0.0,"ta_compute_time":2.270000720727694e-07,"total_compute_time":3.220000053261174e-07,"tp_compute_time":0.0},"makespan":17.06856918334961,"nodes_expanded":21,"nodes_visited":2596,"solved":true}