{"Timer":{"mp_compute_time":2.800000054037355e-08,"s_compute_time":0.0,"ta_compute_time":1.0499999802959792e-07,"total_compute_time":1.330000003463283e-07,"tp_compute_time":0.0},"makespan":5.5324225425720215,"nodes_expanded":16,"nodes_visited":1800,"solved":true}