{"Timer":{"mp_compute_time":8.099996051669223e-08,"s_compute_time":0.0,"ta_compute_time":1.2200004562146205e-07,"total_compute_time":2.0300001324358163e-07,"tp_compute_time":0.0},"makespan":13.765654563903809,"nodes_expanded":17,"nodes_visited":1768,"solved":true}