{"Timer":{"mp_compute_time":2.800000054037355e-08,"s_compute_time":0.0,"ta_compute_time":1.2799999637991277e-07,"total_compute_time":1.5599999869664316e-07,"tp_compute_time":0.0},"makespan":4.928247928619385,"nodes_expanded":35,"nodes_visited":2096,"solved":true}