{"Timer":{"mp_compute_time":6.199999091904829e-08,"s_compute_time":0.0,"ta_compute_time":4.6000010911484424e-08,"total_compute_time":1.0800000183053271e-07,"tp_compute_time":0.0},"makespan":13.324213027954102,"nodes_expanded":13,"nodes_visited":1014,"solved":true}