{"Timer":{"mp_compute_time":2.800000054037355e-08,"s_compute_time":0.0,"ta_compute_time":8.699999654027124e-08,"total_compute_time":1.1499999885700163e-07,"tp_compute_time":0.0},"makespan":5.219468116760254,"nodes_expanded":21,"nodes_visited":1644,"solved":true}