{"Timer":{"mp_compute_time":3.599999942593968e-08,"s_compute_time":0.0,"ta_compute_time":1.349999934063817e-07,"total_compute_time":1.7099999638503505e-07,"tp_compute_time":0.0},"makespan":2.904677391052246,"nodes_expanded":178,"nodes_visited":3297,"solved":true}