{"Timer":{"mp_compute_time":5.900000132896821e-08,"s_compute_time":0.0,"ta_compute_time":4.90000005015645e-08,"total_compute_time":1.0800000183053271e-07,"tp_compute_time":0.0},"makespan":12.521982192993164,"nodes_expanded":15,"nodes_visited":1185,"solved":true}