{"Timer":{"mp_compute_time":2.7000000457633178e-08,"s_compute_time":0.0,"ta_compute_time":1.7600000035145058e-07,"total_compute_time":2.0299999903272692e-07,"tp_compute_time":0.0},"makespan":5.038399696350098,"nodes_expanded":254,"nodes_visited":2718,"solved":true}