{"Timer":{"mp_compute_time":5.900000132896821e-08,"s_compute_time":0.0,"ta_compute_time":1.330000003463283e-07,"total_compute_time":1.9200000167529652e-07,"tp_compute_time":0.0},"makespan":3.6857850551605225,"nodes_expanded":52,"nodes_visited":2421,"solved":true}