{"Timer":{"mp_compute_time":7.399997770107802e-08,"s_compute_time":1.0000107408814074e-09,"ta_compute_time":3.3200001325894846e-07,"total_compute_time":4.070000159117626e-07,"tp_compute_time":0.0},"makespan":3.720165967941284,"nodes_expanded":99,"nodes_visited":4328,"solved":true}