{"Timer":{"mp_compute_time":1.7099999638503505e-07,"s_compute_time":1.4210854715202004e-14,"ta_compute_time":2.6699999011725595e-07,"total_compute_time":4.3800002913485514e-07,"tp_compute_time":0.0},"makespan":12.570457458496094,"nodes_expanded":30,"nodes_visited":3205,"solved":true}