{"Timer":{"mp_compute_time":1.899999979571021e-08,"s_compute_time":0.0,"ta_compute_time":3.000000248221113e-09,"total_compute_time":2.2000000043931323e-08,"tp_compute_time":0.0},"makespan":4.586483001708984,"nodes_expanded":17,"nodes_visited":2176,"solved":true}