{"Timer":{"mp_compute_time":3.2999999177718564e-08,"s_compute_time":0.0,"ta_compute_time":9.000000744663339e-09,"total_compute_time":4.19999999223819e-08,"tp_compute_time":0.0},"makespan":12.517011642456055,"nodes_expanded":8,"nodes_visited":150,"solved":true}