{"Timer":{"mp_compute_time":5.700000116348747e-08,"s_compute_time":0.0,"ta_compute_time":8.599999290481719e-08,"total_compute_time":1.4299999406830466e-07,"tp_compute_time":0.0},"makespan":12.355791091918945,"nodes_expanded":16,"nodes_visited":1560,"solved":true}