{"Timer":{"mp_compute_time":8.699998943484388e-08,"s_compute_time":7.105427357601002e-15,"ta_compute_time":6.600000546086449e-08,"total_compute_time":1.5300000200113573e-07,"tp_compute_time":0.0},"makespan":14.262212753295898,"nodes_expanded":14,"nodes_visited":1274,"solved":true}