{"Timer":{"mp_compute_time":7.999999773744548e-09,"s_compute_time":0.0,"ta_compute_time":-4.999999525523435e-09,"total_compute_time":3.000000248221113e-09,"tp_compute_time":0.0},"makespan":3.3636534214019775,"nodes_expanded":10,"nodes_visited":540,"solved":true}