{"Timer":{"mp_compute_time":1.999999987845058e-08,"s_compute_time":0.0,"ta_compute_time":4.099999983964153e-08,"total_compute_time":6.100000149444895e-08,"tp_compute_time":0.0},"makespan":4.825117111206055,"nodes_expanded":49,"nodes_visited":696,"solved":true}