{"Timer":{"mp_compute_time":2.7000000457633178e-08,"s_compute_time":1.000000082740371e-09,"ta_compute_time":-2.000000165480742e-08,"total_compute_time":7.999998885566129e-09,"tp_compute_time":0.0},"makespan":4.479342937469482,"nodes_expanded":13,"nodes_visited":1014,"solved":true}