{"Timer":{"mp_compute_time":5.99999978589949e-08,"s_compute_time":0.0,"ta_compute_time":1.720000000204891e-07,"total_compute_time":2.3199999077405664e-07,"tp_compute_time":0.0},"makespan":20.291868209838867,"nodes_expanded":20,"nodes_visited":2367,"solved":true}