{"Timer":{"mp_compute_time":1.3699994383387093e-07,"s_compute_time":1.000017846308765e-09,"ta_compute_time":3.850000211969018e-07,"total_compute_time":5.229999828770815e-07,"tp_compute_time":0.0},"makespan":12.869858741760254,"nodes_expanded":25,"nodes_visited":3718,"solved":true}