{"Timer":{"mp_compute_time":1.6900001753583638e-07,"s_compute_time":0.0,"ta_compute_time":2.419999987068877e-07,"total_compute_time":4.110000304535788e-07,"tp_compute_time":0.0},"makespan":13.402265548706055,"nodes_expanded":22,"nodes_visited":2945,"solved":true}