{"Timer":{"mp_compute_time":3.3999999260458935e-08,"s_compute_time":0.0,"ta_compute_time":7.299999538190605e-08,"total_compute_time":1.069999910896513e-07,"tp_compute_time":0.0},"makespan":4.133440971374512,"nodes_expanded":18,"nodes_visited":1561,"solved":true}