{"Timer":{"mp_compute_time":1.0899992020085847e-07,"s_compute_time":1.9999930600533844e-09,"ta_compute_time":1.3750000107393134e-06,"total_compute_time":1.485999860051379e-06,"tp_compute_time":0.0},"makespan":5.943915367126465,"nodes_expanded":266,"nodes_visited":19836,"solved":true}