{"Timer":{"mp_compute_time":2.3000000126671694e-08,"s_compute_time":2.000000165480742e-09,"ta_compute_time":-1.1000000021965661e-08,"total_compute_time":1.4000000270186774e-08,"tp_compute_time":0.0},"makespan":13.799524307250977,"nodes_expanded":17,"nodes_visited":1576,"solved":true}