{"Timer":{"mp_compute_time":3.099999901223782e-08,"s_compute_time":0.0,"ta_compute_time":1.1900000629339047e-07,"total_compute_time":1.500000053056283e-07,"tp_compute_time":0.0},"makespan":8.953569412231445,"nodes_expanded":17,"nodes_visited":1940,"solved":true}