{"Timer":{"mp_compute_time":2.7000000457633178e-08,"s_compute_time":0.0,"ta_compute_time":8.9999989683065e-09,"total_compute_time":3.599999942593968e-08,"tp_compute_time":0.0},"makespan":12.406013488769531,"nodes_expanded":11,"nodes_visited":194,"solved":true}