{"Timer":{"mp_compute_time":7.599999918284084e-08,"s_compute_time":0.0,"ta_compute_time":4.90000005015645e-08,"total_compute_time":1.2499999968440534e-07,"tp_compute_time":0.0},"makespan":13.09936237335205,"nodes_expanded":14,"nodes_visited":1028,"solved":true}