{"Timer":{"mp_compute_time":1.4000000270186774e-08,"s_compute_time":0.0,"ta_compute_time":0.0,"total_compute_time":1.4000000270186774e-08,"tp_compute_time":0.0},"makespan":17.01157569885254,"nodes_expanded":16,"nodes_visited":1715,"solved":true}