{"Timer":{"mp_compute_time":4.600000025334339e-08,"s_compute_time":0.0,"ta_compute_time":6.499999471998308e-08,"total_compute_time":1.1099999142061279e-07,"tp_compute_time":0.0},"makespan":7.417593955993652,"nodes_expanded":14,"nodes_visited":1274,"solved":true}