{"Timer":{"mp_compute_time":2.2000000043931323e-08,"s_compute_time":1.000000082740371e-09,"ta_compute_time":-8.000000661922968e-09,"total_compute_time":1.4999999464748726e-08,"tp_compute_time":0.0},"makespan":7.794825553894043,"nodes_expanded":16,"nodes_visited":1578,"solved":true}