{"Timer":{"mp_compute_time":2.099999996119095e-08,"s_compute_time":0.0,"ta_compute_time":1.6999999630229468e-08,"total_compute_time":3.799999959142042e-08,"tp_compute_time":0.0},"makespan":22.317890167236328,"nodes_expanded":10,"nodes_visited":585,"solved":true}