{"Timer":{"mp_compute_time":9.499991193706592e-08,"s_compute_time":0.0,"ta_compute_time":3.590000972053531e-07,"total_compute_time":4.5400000203699165e-07,"tp_compute_time":0.0},"makespan":13.763736724853516,"nodes_expanded":26,"nodes_visited":3032,"solved":true}