{"Timer":{"mp_compute_time":1.999999987845058e-08,"s_compute_time":0.0,"ta_compute_time":7.000000579182597e-09,"total_compute_time":2.7000000457633178e-08,"tp_compute_time":0.0},"makespan":12.716377258300781,"nodes_expanded":12,"nodes_visited":209,"solved":true}