{"Timer":{"mp_compute_time":1.3000000187446403e-08,"s_compute_time":0.0,"ta_compute_time":2.9999993600426933e-09,"total_compute_time":1.5999999547489097e-08,"tp_compute_time":0.0},"makespan":3.603929042816162,"nodes_expanded":8,"nodes_visited":109,"solved":true}