{"Timer":{"mp_compute_time":1.4000000270186774e-08,"s_compute_time":9.999991945619513e-10,"ta_compute_time":-1.0999999133787242e-08,"total_compute_time":4.000000330961484e-09,"tp_compute_time":0.0},"makespan":11.870721817016602,"nodes_expanded":12,"nodes_visited":299,"solved":true}