{"Timer":{"mp_compute_time":1.4000000270186774e-08,"s_compute_time":0.0,"ta_compute_time":-1.000000082740371e-08,"total_compute_time":3.999999442783064e-09,"tp_compute_time":0.0},"makespan":4.734511375427246,"nodes_expanded":10,"nodes_visited":630,"solved":true}