{"Timer":{"mp_compute_time":8.699998943484388e-08,"s_compute_time":0.0,"ta_compute_time":1.480000122455749e-07,"total_compute_time":2.350000016804188e-07,"tp_compute_time":0.0},"makespan":4.587762832641602,"nodes_expanded":17,"nodes_visited":2176,"solved":true}