{"Timer":{"mp_compute_time":8.499995374222635e-08,"s_compute_time":0.0,"ta_compute_time":2.840000377091201e-07,"total_compute_time":3.6899999145134643e-07,"tp_compute_time":0.0},"makespan":12.271425247192383,"nodes_expanded":25,"nodes_visited":3200,"solved":true}