{"Timer":{"mp_compute_time":2.7000000457633178e-08,"s_compute_time":0.0,"ta_compute_time":4.999998637345016e-09,"total_compute_time":3.199999909497819e-08,"tp_compute_time":0.0},"makespan":14.535163879394531,"nodes_expanded":9,"nodes_visited":189,"solved":true}