{"Timer":{"mp_compute_time":2.800000054037355e-08,"s_compute_time":0.0,"ta_compute_time":1.330000003463283e-07,"total_compute_time":1.610000026630587e-07,"tp_compute_time":0.0},"makespan":5.635955333709717,"nodes_expanded":18,"nodes_visited":2130,"solved":true}