{"Timer":{"mp_compute_time":3.3999999260458935e-08,"s_compute_time":0.0,"ta_compute_time":3.300000273043224e-08,"total_compute_time":6.700000199089118e-08,"tp_compute_time":0.0},"makespan":2.6685590744018555,"nodes_expanded":12,"nodes_visited":924,"solved":true}