{"Timer":{"mp_compute_time":2.6000000374892807e-08,"s_compute_time":0.0,"ta_compute_time":2.7000000457633178e-08,"total_compute_time":5.3000000832525984e-08,"tp_compute_time":0.0},"makespan":2.595491409301758,"nodes_expanded":24,"nodes_visited":837,"solved":true}