{"Timer":{"mp_compute_time":1.8600003670599108e-07,"s_compute_time":1.9999930600533844e-09,"ta_compute_time":2.87999966985808e-07,"total_compute_time":4.75999968330143e-07,"tp_compute_time":0.0},"makespan":12.570077896118164,"nodes_expanded":28,"nodes_visited":3079,"solved":true}