{"Timer":{"mp_compute_time":2.900000062311392e-08,"s_compute_time":0.0,"ta_compute_time":1.5999999547489097e-08,"total_compute_time":4.5000000170603016e-08,"tp_compute_time":0.0},"makespan":4.95876407623291,"nodes_expanded":12,"nodes_visited":248,"solved":true}