{"Timer":{"mp_compute_time":5.3000000832525984e-08,"s_compute_time":0.0,"ta_compute_time":2.619999861508404e-07,"total_compute_time":3.1499999408879376e-07,"tp_compute_time":0.0},"makespan":14.260260581970215,"nodes_expanded":21,"nodes_visited":3010,"solved":true}