{"Timer":{"mp_compute_time":8.699999654027124e-08,"s_compute_time":0.0,"ta_compute_time":2.0800001720999717e-07,"total_compute_time":2.9500000664484105e-07,"tp_compute_time":0.0},"makespan":12.535385131835938,"nodes_expanded":24,"nodes_visited":2751,"solved":true}