{"Timer":{"mp_compute_time":1.799999971296984e-08,"s_compute_time":0.0,"ta_compute_time":1.899999979571021e-08,"total_compute_time":3.699999950868005e-08,"tp_compute_time":0.0},"makespan":2.49959135055542,"nodes_expanded":13,"nodes_visited":628,"solved":true}