{"Timer":{"mp_compute_time":1.999999987845058e-08,"s_compute_time":0.0,"ta_compute_time":-1.2000000104706032e-08,"total_compute_time":7.999999773744548e-09,"tp_compute_time":0.0},"makespan":4.71495246887207,"nodes_expanded":13,"nodes_visited":1170,"solved":true}