{"Timer":{"mp_compute_time":7.999999773744548e-09,"s_compute_time":0.0,"ta_compute_time":0.0,"total_compute_time":7.999999773744548e-09,"tp_compute_time":0.0},"makespan":2.896256923675537,"nodes_expanded":5,"nodes_visited":48,"solved":true}