{"Timer":{"mp_compute_time":1.6899998911412695e-07,"s_compute_time":2.0000072709080996e-09,"ta_compute_time":3.8999996831989847e-07,"total_compute_time":5.609999789157882e-07,"tp_compute_time":0.0},"makespan":12.666605949401855,"nodes_expanded":25,"nodes_visited":3855,"solved":true}