{"Timer":{"mp_compute_time":1.0699998398422395e-07,"s_compute_time":3.000018011789507e-09,"ta_compute_time":-8.70000036456986e-08,"total_compute_time":2.2999998350314854e-08,"tp_compute_time":0.0},"makespan":14.774086952209473,"nodes_expanded":19,"nodes_visited":2394,"solved":true}