{"Timer":{"mp_compute_time":4.19999999223819e-08,"s_compute_time":0.0,"ta_compute_time":8.100001025468373e-08,"total_compute_time":1.2300000662435195e-07,"tp_compute_time":0.0},"makespan":13.947507858276367,"nodes_expanded":56,"nodes_visited":888,"solved":true}