{"Timer":{"mp_compute_time":6.299998744907498e-08,"s_compute_time":0.0,"ta_compute_time":2.790000053209951e-07,"total_compute_time":3.419999927700701e-07,"tp_compute_time":0.0},"makespan":12.644696235656738,"nodes_expanded":23,"nodes_visited":3021,"solved":true}