{"Timer":{"mp_compute_time":5.200000074978561e-08,"s_compute_time":0.0,"ta_compute_time":9.999999406318238e-08,"total_compute_time":1.5199999836568168e-07,"tp_compute_time":0.0},"makespan":12.446869850158691,"nodes_expanded":19,"nodes_visited":2011,"solved":true}