{"Timer":{"mp_compute_time":1.0099994796064493e-07,"s_compute_time":3.000003800934792e-09,"ta_compute_time":2.5699998786876677e-06,"total_compute_time":2.6739996883407002e-06,"tp_compute_time":0.0},"makespan":3.7104384899139404,"nodes_expanded":5321,"nodes_visited":64299,"solved":true}