{"Timer":{"mp_compute_time":2.630000039971492e-07,"s_compute_time":0.0,"ta_compute_time":1.7099998217418033e-07,"total_compute_time":4.339999861713295e-07,"tp_compute_time":0.0},"makespan":13.275541305541992,"nodes_expanded":19,"nodes_visited":2394,"solved":true}