{"Timer":{"mp_compute_time":1.999999987845058e-08,"s_compute_time":3.000000248221113e-09,"ta_compute_time":-1.1000000021965661e-08,"total_compute_time":1.2000000104706032e-08,"tp_compute_time":0.0},"makespan":9.234567642211914,"nodes_expanded":17,"nodes_visited":1544,"solved":true}