{"Timer":{"mp_compute_time":2.800000054037355e-08,"s_compute_time":0.0,"ta_compute_time":1.0200000133409048e-07,"total_compute_time":1.3000000365082087e-07,"tp_compute_time":0.0},"makespan":6.167016983032227,"nodes_expanded":16,"nodes_visited":1800,"solved":true}