{"Timer":{"mp_compute_time":7.199995621931521e-08,"s_compute_time":0.0,"ta_compute_time":3.8100006349850446e-07,"total_compute_time":4.530000126123923e-07,"tp_compute_time":0.0},"makespan":13.924327850341797,"nodes_expanded":25,"nodes_visited":3575,"solved":true}