{"Timer":{"mp_compute_time":1.3000000187446403e-08,"s_compute_time":0.0,"ta_compute_time":0.0,"total_compute_time":1.3000000187446403e-08,"tp_compute_time":0.0},"makespan":7.488299369812012,"nodes_expanded":16,"nodes_visited":1560,"solved":true}