{"Timer":{"mp_compute_time":6.09999943890216e-08,"s_compute_time":0.0,"ta_compute_time":8.70000036456986e-08,"total_compute_time":1.479999980347202e-07,"tp_compute_time":0.0},"makespan":8.71760368347168,"nodes_expanded":16,"nodes_visited":1491,"solved":true}