{"Timer":{"mp_compute_time":9.89999620060189e-08,"s_compute_time":1.0000036354540498e-09,"ta_compute_time":4.000003173132427e-08,"total_compute_time":1.3999999737279722e-07,"tp_compute_time":0.0},"makespan":2.3968913555145264,"nodes_expanded":14,"nodes_visited":1010,"solved":true}