{"Timer":{"mp_compute_time":1.5999999547489097e-08,"s_compute_time":0.0,"ta_compute_time":1.2000000992884452e-08,"total_compute_time":2.800000054037355e-08,"tp_compute_time":0.0},"makespan":6.990548133850098,"nodes_expanded":17,"nodes_visited":1768,"solved":true}