{"Timer":{"mp_compute_time":1.0299989838813417e-07,"s_compute_time":0.0,"ta_compute_time":3.030000925718923e-07,"total_compute_time":4.0599999806545384e-07,"tp_compute_time":0.0},"makespan":13.578064918518066,"nodes_expanded":22,"nodes_visited":3003,"solved":true}