{"Timer":{"mp_compute_time":1.1000000021965661e-08,"s_compute_time":0.0,"ta_compute_time":-7.000000135093387e-09,"total_compute_time":3.999999886872274e-09,"tp_compute_time":0.0},"makespan":6.844812393188477,"nodes_expanded":11,"nodes_visited":715,"solved":true}