{"Timer":{"mp_compute_time":2.5000000292152436e-08,"s_compute_time":0.0,"ta_compute_time":2.7000000457633178e-08,"total_compute_time":5.200000074978561e-08,"tp_compute_time":0.0},"makespan":5.424067974090576,"nodes_expanded":65,"nodes_visited":482,"solved":true}