{"Timer":{"mp_compute_time":1.4999999464748726e-08,"s_compute_time":2.000000165480742e-09,"ta_compute_time":-9.99999905104687e-09,"total_compute_time":7.000000579182597e-09,"tp_compute_time":0.0},"makespan":17.882593154907227,"nodes_expanded":14,"nodes_visited":1028,"solved":true}