{"Timer":{"mp_compute_time":5.99999978589949e-08,"s_compute_time":0.0,"ta_compute_time":1.8200000795332016e-07,"total_compute_time":2.419999987068877e-07,"tp_compute_time":0.0},"makespan":12.514830589294434,"nodes_expanded":22,"nodes_visited":2632,"solved":true}