{"Timer":{"mp_compute_time":1.5800000596755126e-07,"s_compute_time":0.0,"ta_compute_time":1.2000000992884452e-08,"total_compute_time":1.700000069604357e-07,"tp_compute_time":0.0},"makespan":18.82050895690918,"nodes_expanded":11,"nodes_visited":243,"solved":true}