{"Timer":{"mp_compute_time":5.100000066704524e-08,"s_compute_time":0.0,"ta_compute_time":2.6000002151249646e-08,"total_compute_time":7.700000281829489e-08,"tp_compute_time":0.0},"makespan":7.521914482116699,"nodes_expanded":11,"nodes_visited":760,"solved":true}