{"Timer":{"mp_compute_time":3.699999950868005e-08,"s_compute_time":0.0,"ta_compute_time":4.200000347509558e-08,"total_compute_time":7.900000298377563e-08,"tp_compute_time":0.0},"makespan":2.4868710041046143,"nodes_expanded":13,"nodes_visited":1170,"solved":true}