{"Timer":{"mp_compute_time":4.700000033608376e-08,"s_compute_time":0.0,"ta_compute_time":1.3999999737279722e-07,"total_compute_time":1.8699999770888098e-07,"tp_compute_time":0.0},"makespan":12.977754592895508,"nodes_expanded":17,"nodes_visited":1904,"solved":true}