{"Timer":{"mp_compute_time":1.1999992466371623e-07,"s_compute_time":0.0,"ta_compute_time":1.2500007073867891e-07,"total_compute_time":2.4499999540239514e-07,"tp_compute_time":0.0},"makespan":12.81533145904541,"nodes_expanded":19,"nodes_visited":1848,"solved":true}