{"Timer":{"mp_compute_time":4.5000000170603016e-08,"s_compute_time":1.000000082740371e-09,"ta_compute_time":9.000000034120603e-08,"total_compute_time":1.3600001125269046e-07,"tp_compute_time":0.0},"makespan":6.539468765258789,"nodes_expanded":16,"nodes_visited":1560,"solved":true}