{"Timer":{"mp_compute_time":9.99999993922529e-09,"s_compute_time":0.0,"ta_compute_time":-6.000000052353016e-09,"total_compute_time":3.999999886872274e-09,"tp_compute_time":0.0},"makespan":5.958259582519531,"nodes_expanded":11,"nodes_visited":715,"solved":true}