{"Timer":{"mp_compute_time":1.799999971296984e-08,"s_compute_time":0.0,"ta_compute_time":1.6999999630229468e-08,"total_compute_time":3.4999999343199306e-08,"tp_compute_time":0.0},"makespan":2.8224453926086426,"nodes_expanded":11,"nodes_visited":657,"solved":true}