{"Timer":{"mp_compute_time":2.7000000457633178e-08,"s_compute_time":0.0,"ta_compute_time":2.099999996119095e-08,"total_compute_time":4.800000041882413e-08,"tp_compute_time":0.0},"makespan":6.8301520347595215,"nodes_expanded":19,"nodes_visited":328,"solved":true}