{"Timer":{"mp_compute_time":3.4999999343199306e-08,"s_compute_time":1.000000082740371e-09,"ta_compute_time":-8.9999989683065e-09,"total_compute_time":2.7000000457633178e-08,"tp_compute_time":0.0},"makespan":15.871417999267578,"nodes_expanded":20,"nodes_visited":2470,"solved":true}