{"Timer":{"mp_compute_time":3.899999967416079e-08,"s_compute_time":0.0,"ta_compute_time":1.3800000431274384e-07,"total_compute_time":1.7700000398690463e-07,"tp_compute_time":0.0},"makespan":7.955094337463379,"nodes_expanded":18,"nodes_visited":1760,"solved":true}