{"Timer":{"mp_compute_time":8.299999620930976e-08,"s_compute_time":0.0,"ta_compute_time":6.600000546086449e-08,"total_compute_time":1.4900000167017424e-07,"tp_compute_time":0.0},"makespan":12.762848854064941,"nodes_expanded":15,"nodes_visited":1369,"solved":true}