{"Timer":{"mp_compute_time":3.699999950868005e-08,"s_compute_time":0.0,"ta_compute_time":1.3999999737279722e-07,"total_compute_time":1.7700000398690463e-07,"tp_compute_time":0.0},"makespan":12.483085632324219,"nodes_expanded":18,"nodes_visited":1851,"solved":true}