{"Timer":{"mp_compute_time":5.3000000832525984e-08,"s_compute_time":0.0,"ta_compute_time":1.69999992749581e-07,"total_compute_time":2.2300000068753434e-07,"tp_compute_time":0.0},"makespan":24.314668655395508,"nodes_expanded":17,"nodes_visited":2040,"solved":true}