{"Timer":{"mp_compute_time":7.799996382118479e-08,"s_compute_time":9.999965300266922e-10,"ta_compute_time":1.3600003967439989e-07,"total_compute_time":2.1500000002561137e-07,"tp_compute_time":0.0},"makespan":12.493877410888672,"nodes_expanded":18,"nodes_visited":2142,"solved":true}