{"Timer":{"mp_compute_time":5.60000010807471e-08,"s_compute_time":2.000000165480742e-09,"ta_compute_time":4.4000000087862645e-08,"total_compute_time":1.0200000133409048e-07,"tp_compute_time":0.0},"makespan":12.497790336608887,"nodes_expanded":15,"nodes_visited":1040,"solved":true}