{"Timer":{"mp_compute_time":1.50000019516483e-07,"s_compute_time":0.0,"ta_compute_time":3.8199999607968493e-07,"total_compute_time":5.320000013853132e-07,"tp_compute_time":0.0},"makespan":12.77802562713623,"nodes_expanded":35,"nodes_visited":4123,"solved":true}