{"Timer":{"mp_compute_time":2.5000000292152436e-08,"s_compute_time":3.000000248221113e-09,"ta_compute_time":-8.000000661922968e-09,"total_compute_time":1.999999987845058e-08,"tp_compute_time":0.0},"makespan":15.95323371887207,"nodes_expanded":18,"nodes_visited":2142,"solved":true}