{"Timer":{"mp_compute_time":6.599999835543713e-08,"s_compute_time":9.999993721976352e-09,"ta_compute_time":5.408000106399413e-06,"total_compute_time":5.484000212163664e-06,"tp_compute_time":0.0},"makespan":3.2431533336639404,"nodes_expanded":4549,"nodes_visited":140465,"solved":true}