{"Timer":{"mp_compute_time":2.3000000126671694e-08,"s_compute_time":1.000000082740371e-09,"ta_compute_time":-1.2000000104706032e-08,"total_compute_time":1.2000000104706032e-08,"tp_compute_time":0.0},"makespan":15.353973388671875,"nodes_expanded":16,"nodes_visited":1560,"solved":true}