{"Timer":{"mp_compute_time":2.7000000457633178e-08,"s_compute_time":0.0,"ta_compute_time":1.0999999133787242e-08,"total_compute_time":3.799999959142042e-08,"tp_compute_time":0.0},"makespan":16.00626564025879,"nodes_expanded":9,"nodes_visited":189,"solved":true}