{"Timer":{"mp_compute_time":1.0699993424623244e-07,"s_compute_time":0.0,"ta_compute_time":6.080000503061456e-07,"total_compute_time":7.149999987632327e-07,"tp_compute_time":0.0},"makespan":5.091935157775879,"nodes_expanded":187,"nodes_visited":6316,"solved":true}