{"Timer":{"mp_compute_time":7.999999773744548e-09,"s_compute_time":0.0,"ta_compute_time":1.000000082740371e-09,"total_compute_time":8.99999985648492e-09,"tp_compute_time":0.0},"makespan":2.348301649093628,"nodes_expanded":4,"nodes_visited":36,"solved":true}