{"Timer":{"mp_compute_time":4.600000025334339e-08,"s_compute_time":0.0,"ta_compute_time":1.1699999902248237e-07,"total_compute_time":1.6299999572311208e-07,"tp_compute_time":0.0},"makespan":12.886798858642578,"nodes_expanded":17,"nodes_visited":1904,"solved":true}