{"Timer":{"mp_compute_time":1.3000000187446403e-08,"s_compute_time":0.0,"ta_compute_time":-2.000000165480742e-09,"total_compute_time":1.1000000021965661e-08,"tp_compute_time":0.0},"makespan":4.578361511230469,"nodes_expanded":14,"nodes_visited":1274,"solved":true}