{"Timer":{"mp_compute_time":6.299998744907498e-08,"s_compute_time":9.999965300266922e-10,"ta_compute_time":1.5199999552351073e-06,"total_compute_time":1.583999960530491e-06,"tp_compute_time":0.0},"makespan":3.450524091720581,"nodes_expanded":1330,"nodes_visited":22271,"solved":true}