{"Timer":{"mp_compute_time":2.800000054037355e-08,"s_compute_time":0.0,"ta_compute_time":8.800000017572529e-08,"total_compute_time":1.1600000249245568e-07,"tp_compute_time":0.0},"makespan":3.4699110984802246,"nodes_expanded":16,"nodes_visited":1800,"solved":true}