{"Timer":{"mp_compute_time":5.4000000915266355e-08,"s_compute_time":0.0,"ta_compute_time":5.000000413701855e-09,"total_compute_time":5.900000132896821e-08,"tp_compute_time":0.0},"makespan":17.703960418701172,"nodes_expanded":8,"nodes_visited":123,"solved":true}