{"Timer":{"mp_compute_time":2.900000062311392e-08,"s_compute_time":2.9999984718642736e-09,"ta_compute_time":-2.5999998598535967e-08,"total_compute_time":6.000000496442226e-09,"tp_compute_time":0.0},"makespan":6.3844451904296875,"nodes_expanded":12,"nodes_visited":924,"solved":true}