{"Timer":{"mp_compute_time":3.999999975690116e-08,"s_compute_time":0.0,"ta_compute_time":1.479999980347202e-07,"total_compute_time":1.8800000134433503e-07,"tp_compute_time":0.0},"makespan":4.3239850997924805,"nodes_expanded":24,"nodes_visited":2437,"solved":true}