{"Timer":{"mp_compute_time":6.499999471998308e-08,"s_compute_time":0.0,"ta_compute_time":2.2500000795844244e-07,"total_compute_time":2.900000026784255e-07,"tp_compute_time":0.0},"makespan":3.620112419128418,"nodes_expanded":201,"nodes_visited":4584,"solved":true}