{"Timer":{"mp_compute_time":1.1999992466371623e-07,"s_compute_time":0.0,"ta_compute_time":1.3900006479161675e-07,"total_compute_time":2.58999989455333e-07,"tp_compute_time":0.0},"makespan":12.71513557434082,"nodes_expanded":21,"nodes_visited":1900,"solved":true}