{"Timer":{"mp_compute_time":7.29999527493419e-08,"s_compute_time":9.999993721976352e-09,"ta_compute_time":1.0679000297386665e-05,"total_compute_time":1.076199987437576e-05,"tp_compute_time":0.0},"makespan":13.80659294128418,"nodes_expanded":2358,"nodes_visited":48137,"solved":true}