{"Timer":{"mp_compute_time":5.3000000832525984e-08,"s_compute_time":0.0,"ta_compute_time":1.2000000992884452e-07,"total_compute_time":1.7300001786679786e-07,"tp_compute_time":0.0},"makespan":12.435799598693848,"nodes_expanded":18,"nodes_visited":2070,"solved":true}