{"Timer":{"mp_compute_time":1.799999971296984e-08,"s_compute_time":0.0,"ta_compute_time":2.2000000043931323e-08,"total_compute_time":3.999999975690116e-08,"tp_compute_time":0.0},"makespan":2.7125136852264404,"nodes_expanded":12,"nodes_visited":790,"solved":true}