{"Timer":{"mp_compute_time":2.6499989758121956e-07,"s_compute_time":1.999978849198669e-09,"ta_compute_time":2.1100012759234232e-07,"total_compute_time":4.780000040227605e-07,"tp_compute_time":0.0},"makespan":13.043936729431152,"nodes_expanded":23,"nodes_visited":2556,"solved":true}