{"Timer":{"mp_compute_time":1.799999971296984e-08,"s_compute_time":0.0,"ta_compute_time":2.099999996119095e-08,"total_compute_time":3.899999967416079e-08,"tp_compute_time":0.0},"makespan":5.959170341491699,"nodes_expanded":10,"nodes_visited":630,"solved":true}