{"Timer":{"mp_compute_time":6.399998397910167e-08,"s_compute_time":5.000018177270249e-09,"ta_compute_time":-4.3000000005122274e-08,"total_compute_time":2.6000002151249646e-08,"tp_compute_time":0.0},"makespan":15.973608016967773,"nodes_expanded":19,"nodes_visited":2591,"solved":true}