{"Timer":{"mp_compute_time":2.3000000126671694e-08,"s_compute_time":0.0,"ta_compute_time":1.0600000166505197e-07,"total_compute_time":1.2900000001536682e-07,"tp_compute_time":0.0},"makespan":3.2682223320007324,"nodes_expanded":56,"nodes_visited":2200,"solved":true}