{"Timer":{"mp_compute_time":1.2899995738280268e-07,"s_compute_time":1.0000036354540498e-09,"ta_compute_time":2.880000522509363e-07,"total_compute_time":4.18000013269193e-07,"tp_compute_time":0.0},"makespan":6.057210445404053,"nodes_expanded":110,"nodes_visited":3294,"solved":true}