{"Timer":{"mp_compute_time":3.899999967416079e-08,"s_compute_time":0.0,"ta_compute_time":2.6000002151249646e-08,"total_compute_time":6.500000182541044e-08,"tp_compute_time":0.0},"makespan":2.606614828109741,"nodes_expanded":20,"nodes_visited":879,"solved":true}