{"Timer":{"mp_compute_time":9.199997208497734e-08,"s_compute_time":0.0,"ta_compute_time":9.20000289283962e-08,"total_compute_time":1.8400000101337355e-07,"tp_compute_time":0.0},"makespan":6.064398765563965,"nodes_expanded":16,"nodes_visited":1578,"solved":true}