{"Timer":{"mp_compute_time":2.800000054037355e-08,"s_compute_time":0.0,"ta_compute_time":1.1999999216527613e-08,"total_compute_time":3.999999975690116e-08,"tp_compute_time":0.0},"makespan":12.444784164428711,"nodes_expanded":15,"nodes_visited":221,"solved":true}