{"Timer":{"mp_compute_time":2.370000231621816e-07,"s_compute_time":1.0000036354540498e-09,"ta_compute_time":2.469999458298844e-07,"total_compute_time":4.849999868383748e-07,"tp_compute_time":0.0},"makespan":12.928962707519531,"nodes_expanded":22,"nodes_visited":2717,"solved":true}