{"Timer":{"mp_compute_time":5.4000000915266355e-08,"s_compute_time":0.0,"ta_compute_time":1.9000000861524313e-07,"total_compute_time":2.440000059777958e-07,"tp_compute_time":0.0},"makespan":14.004810333251953,"nodes_expanded":23,"nodes_visited":2574,"solved":true}