{"Timer":{"mp_compute_time":4.90000005015645e-08,"s_compute_time":0.0,"ta_compute_time":1.1600000249245568e-07,"total_compute_time":1.6500000299402018e-07,"tp_compute_time":0.0},"makespan":12.372227668762207,"nodes_expanded":18,"nodes_visited":1974,"solved":true}