{"Timer":{"mp_compute_time":9.999999406318238e-08,"s_compute_time":0.0,"ta_compute_time":2.0600000993908907e-07,"total_compute_time":3.0600000400227145e-07,"tp_compute_time":0.0},"makespan":27.068689346313477,"nodes_expanded":22,"nodes_visited":2599,"solved":true}