{"Timer":{"mp_compute_time":1.419999904328506e-07,"s_compute_time":1.0000036354540498e-09,"ta_compute_time":1.2300000662435195e-07,"total_compute_time":2.660000006926566e-07,"tp_compute_time":0.0},"makespan":13.084683418273926,"nodes_expanded":20,"nodes_visited":2130,"solved":true}