{"Timer":{"mp_compute_time":2.800000054037355e-08,"s_compute_time":0.0,"ta_compute_time":1.0499999802959792e-07,"total_compute_time":1.330000003463283e-07,"tp_compute_time":0.0},"makespan":3.7056169509887695,"nodes_expanded":18,"nodes_visited":1980,"solved":true}