{"Timer":{"mp_compute_time":3.3999999260458935e-08,"s_compute_time":0.0,"ta_compute_time":1.8000001489326678e-08,"total_compute_time":5.200000074978561e-08,"tp_compute_time":0.0},"makespan":12.567046165466309,"nodes_expanded":11,"nodes_visited":275,"solved":true}