{"Timer":{"mp_compute_time":5.99999978589949e-08,"s_compute_time":0.0,"ta_compute_time":1.7799999341150397e-07,"total_compute_time":2.379999841650715e-07,"tp_compute_time":0.0},"makespan":13.126867294311523,"nodes_expanded":22,"nodes_visited":2407,"solved":true}