{"Timer":{"mp_compute_time":8.899999670575198e-08,"s_compute_time":1.0000036354540498e-09,"ta_compute_time":3.6000002978653356e-08,"total_compute_time":1.260000033198594e-07,"tp_compute_time":0.0},"makespan":3.29008412361145,"nodes_expanded":17,"nodes_visited":987,"solved":true}