{"Timer":{"mp_compute_time":1.4999999464748726e-08,"s_compute_time":0.0,"ta_compute_time":4.000000330961484e-09,"total_compute_time":1.899999979571021e-08,"tp_compute_time":0.0},"makespan":6.894805431365967,"nodes_expanded":18,"nodes_visited":2048,"solved":true}