{"Timer":{"mp_compute_time":7.399996349022331e-08,"s_compute_time":0.0,"ta_compute_time":1.9600003042796743e-07,"total_compute_time":2.699999868127634e-07,"tp_compute_time":0.0},"makespan":12.262114524841309,"nodes_expanded":21,"nodes_visited":2523,"solved":true}