{"Timer":{"mp_compute_time":9.299998282585875e-08,"s_compute_time":1.0000036354540498e-09,"ta_compute_time":9.000011402804375e-09,"total_compute_time":1.0299999786411718e-07,"tp_compute_time":0.0},"makespan":5.554098606109619,"nodes_expanded":13,"nodes_visited":173,"solved":true}