{"Timer":{"mp_compute_time":5.5000000998006726e-08,"s_compute_time":0.0,"ta_compute_time":5.1999997197071934e-08,"total_compute_time":1.0699999819507866e-07,"tp_compute_time":0.0},"makespan":3.6725096702575684,"nodes_expanded":27,"nodes_visited":1250,"solved":true}