{"Timer":{"mp_compute_time":1.2099999935344385e-07,"s_compute_time":0.0,"ta_compute_time":2.090000066345965e-07,"total_compute_time":3.3000000598804036e-07,"tp_compute_time":0.0},"makespan":12.663267135620117,"nodes_expanded":24,"nodes_visited":2679,"solved":true}