{"Timer":{"mp_compute_time":3.699999950868005e-08,"s_compute_time":0.0,"ta_compute_time":1.1099999852604014e-07,"total_compute_time":1.479999980347202e-07,"tp_compute_time":0.0},"makespan":12.4859619140625,"nodes_expanded":19,"nodes_visited":1905,"solved":true}