{"Timer":{"mp_compute_time":6.09999943890216e-08,"s_compute_time":0.0,"ta_compute_time":9.300001124756818e-08,"total_compute_time":1.5400000563658978e-07,"tp_compute_time":0.0},"makespan":12.4994478225708,"nodes_expanded":18,"nodes_visited":1931,"solved":true}