{"Timer":{"mp_compute_time":6.799997009920844e-08,"s_compute_time":1.4210854715202004e-14,"ta_compute_time":2.400001619662362e-08,"total_compute_time":9.200000050668677e-08,"tp_compute_time":0.0},"makespan":4.226357460021973,"nodes_expanded":11,"nodes_visited":440,"solved":true}