{"Timer":{"mp_compute_time":5.4000000915266355e-08,"s_compute_time":0.0,"ta_compute_time":1.199999957179898e-07,"total_compute_time":1.7399999308054248e-07,"tp_compute_time":0.0},"makespan":12.345209121704102,"nodes_expanded":18,"nodes_visited":2052,"solved":true}