{"Timer":{"mp_compute_time":1.3599998283098103e-07,"s_compute_time":1.0000036354540498e-09,"ta_compute_time":4.86000033106393e-07,"total_compute_time":6.230000053619733e-07,"tp_compute_time":0.0},"makespan":4.127945899963379,"nodes_expanded":198,"nodes_visited":6061,"solved":true}