{"Timer":{"mp_compute_time":3.899999967416079e-08,"s_compute_time":2.000000165480742e-08,"ta_compute_time":1.6238998796325177e-05,"total_compute_time":1.6297997717629187e-05,"tp_compute_time":0.0},"makespan":4.7075676918029785,"nodes_expanded":3319,"nodes_visited":154279,"solved":true}