{"Timer":{"mp_compute_time":1.999999987845058e-08,"s_compute_time":0.0,"ta_compute_time":2.6000000374892807e-08,"total_compute_time":4.600000025334339e-08,"tp_compute_time":0.0},"makespan":2.5013113021850586,"nodes_expanded":13,"nodes_visited":628,"solved":true}