{"Timer":{"mp_compute_time":3.2999999177718564e-08,"s_compute_time":0.0,"ta_compute_time":6.100000149444895e-08,"total_compute_time":9.400000067216752e-08,"tp_compute_time":0.0},"makespan":4.581125736236572,"nodes_expanded":14,"nodes_visited":1274,"solved":true}