{"Timer":{"mp_compute_time":8.399994300134495e-08,"s_compute_time":1.0000036354540498e-09,"ta_compute_time":1.620000489310769e-07,"total_compute_time":2.4700000267330324e-07,"tp_compute_time":0.0},"makespan":12.494215965270996,"nodes_expanded":18,"nodes_visited":2142,"solved":true}