{"Timer":{"mp_compute_time":7.999999773744548e-09,"s_compute_time":0.0,"ta_compute_time":-3.999999886872274e-09,"total_compute_time":3.999999886872274e-09,"tp_compute_time":0.0},"makespan":5.705563545227051,"nodes_expanded":10,"nodes_visited":630,"solved":true}