{"Timer":{"mp_compute_time":4.600000025334339e-08,"s_compute_time":0.0,"ta_compute_time":5.499999744529305e-08,"total_compute_time":1.0099999769863643e-07,"tp_compute_time":0.0},"makespan":7.259375095367432,"nodes_expanded":14,"nodes_visited":1187,"solved":true}