{"Timer":{"mp_compute_time":2.3000000126671694e-08,"s_compute_time":9.99999905104687e-09,"ta_compute_time":8.346999493369367e-06,"total_compute_time":8.379999599128496e-06,"tp_compute_time":0.0},"makespan":3.2694153785705566,"nodes_expanded":7058,"nodes_visited":145143,"solved":true}