{"Timer":{"mp_compute_time":4.4000000087862645e-08,"s_compute_time":1.000000082740371e-08,"ta_compute_time":5.509999937203247e-06,"total_compute_time":5.563999820878962e-06,"tp_compute_time":0.0},"makespan":3.6132190227508545,"nodes_expanded":6994,"nodes_visited":110536,"solved":true}