{"Timer":{"mp_compute_time":3.4999999343199306e-08,"s_compute_time":0.0,"ta_compute_time":1.0200000133409048e-07,"total_compute_time":1.370000006772898e-07,"tp_compute_time":0.0},"makespan":3.939042806625366,"nodes_expanded":29,"nodes_visited":2043,"solved":true}