{"Timer":{"mp_compute_time":2.4000000209412065e-08,"s_compute_time":2.099999996119095e-08,"ta_compute_time":8.588999662606511e-06,"total_compute_time":8.633999641460832e-06,"tp_compute_time":0.0},"makespan":12.428107261657715,"nodes_expanded":32883,"nodes_visited":337945,"solved":true}