{"Timer":{"mp_compute_time":6.899998084008985e-08,"s_compute_time":0.0,"ta_compute_time":5.919999921388808e-07,"total_compute_time":6.609999445572612e-07,"tp_compute_time":0.0},"makespan":3.5938644409179688,"nodes_expanded":247,"nodes_visited":8382,"solved":true}