{"Timer":{"mp_compute_time":3.199999909497819e-08,"s_compute_time":0.0,"ta_compute_time":1.1099999142061279e-07,"total_compute_time":1.4299999406830466e-07,"tp_compute_time":0.0},"makespan":3.6948554515838623,"nodes_expanded":18,"nodes_visited":2075,"solved":true}