{"Timer":{"mp_compute_time":7.899998877292091e-08,"s_compute_time":9.999965300266922e-10,"ta_compute_time":1.6400002778027556e-07,"total_compute_time":2.440000059777958e-07,"tp_compute_time":0.0},"makespan":3.857790231704712,"nodes_expanded":27,"nodes_visited":2769,"solved":true}