{"Timer":{"mp_compute_time":2.099999996119095e-08,"s_compute_time":0.0,"ta_compute_time":1.6699999605407356e-07,"total_compute_time":1.8800000134433503e-07,"tp_compute_time":0.0},"makespan":2.294735908508301,"nodes_expanded":261,"nodes_visited":3854,"solved":true}