{"Timer":{"mp_compute_time":5.5000000998006726e-08,"s_compute_time":0.0,"ta_compute_time":2.599999788799323e-07,"total_compute_time":3.149999656670843e-07,"tp_compute_time":0.0},"makespan":12.851778030395508,"nodes_expanded":23,"nodes_visited":3094,"solved":true}