{"Timer":{"mp_compute_time":7.999999773744548e-09,"s_compute_time":0.0,"ta_compute_time":-5.999999608263806e-09,"total_compute_time":2.000000165480742e-09,"tp_compute_time":0.0},"makespan":12.919889450073242,"nodes_expanded":8,"nodes_visited":159,"solved":true}