{"Timer":{"mp_compute_time":2.800000054037355e-08,"s_compute_time":3.999998554604645e-09,"ta_compute_time":2.7999999474559445e-07,"total_compute_time":3.119999689715769e-07,"tp_compute_time":0.0},"makespan":3.699903964996338,"nodes_expanded":23,"nodes_visited":2632,"solved":true}