{"Timer":{"mp_compute_time":3.699999950868005e-08,"s_compute_time":2.000000165480742e-08,"ta_compute_time":1.5433999578817748e-05,"total_compute_time":1.549099943076726e-05,"tp_compute_time":0.0},"makespan":3.4090542793273926,"nodes_expanded":4334,"nodes_visited":280059,"solved":true}