{"Timer":{"mp_compute_time":5.4000000915266355e-08,"s_compute_time":0.0,"ta_compute_time":2.570000106061343e-07,"total_compute_time":3.11000007968687e-07,"tp_compute_time":0.0},"makespan":12.658615112304688,"nodes_expanded":25,"nodes_visited":3372,"solved":true}