{"Timer":{"mp_compute_time":2.010000628160924e-07,"s_compute_time":2.999996695507434e-09,"ta_compute_time":3.0099997729848837e-06,"total_compute_time":3.2139998893399024e-06,"tp_compute_time":0.0},"makespan":13.652338027954102,"nodes_expanded":2021,"nodes_visited":15914,"solved":true}