{"Timer":{"mp_compute_time":1.0399993755072501e-07,"s_compute_time":0.0,"ta_compute_time":2.2600006843731535e-07,"total_compute_time":3.3000000598804036e-07,"tp_compute_time":0.0},"makespan":12.653231620788574,"nodes_expanded":26,"nodes_visited":2735,"solved":true}