{"Timer":{"mp_compute_time":1.3699994383387093e-07,"s_compute_time":0.0,"ta_compute_time":3.730000628365815e-07,"total_compute_time":5.100000066704524e-07,"tp_compute_time":0.0},"makespan":25.364391326904297,"nodes_expanded":23,"nodes_visited":3605,"solved":true}