{"Timer":{"mp_compute_time":8.99999985648492e-09,"s_compute_time":0.0,"ta_compute_time":-4.999999969612645e-09,"total_compute_time":3.999999886872274e-09,"tp_compute_time":0.0},"makespan":5.032485008239746,"nodes_expanded":11,"nodes_visited":648,"solved":true}