{"Timer":{"mp_compute_time":1.3000000187446403e-08,"s_compute_time":1.000000082740371e-09,"ta_compute_time":-4.000000330961484e-09,"total_compute_time":9.99999993922529e-09,"tp_compute_time":0.0},"makespan":13.081729888916016,"nodes_expanded":15,"nodes_visited":1374,"solved":true}