{"Timer":{"mp_compute_time":1.1000000021965661e-08,"s_compute_time":0.0,"ta_compute_time":-9.99999993922529e-09,"total_compute_time":1.000000082740371e-09,"tp_compute_time":0.0},"makespan":6.767936706542969,"nodes_expanded":11,"nodes_visited":258,"solved":true}