{"Timer":{"mp_compute_time":5.4000000915266355e-08,"s_compute_time":1.000000082740371e-09,"ta_compute_time":4.000000330961484e-09,"total_compute_time":5.900000132896821e-08,"tp_compute_time":0.0},"makespan":9.325620651245117,"nodes_expanded":8,"nodes_visited":140,"solved":true}