{"Timer":{"mp_compute_time":3.699999950868005e-08,"s_compute_time":0.0,"ta_compute_time":9.899999753315569e-08,"total_compute_time":1.3599999704183574e-07,"tp_compute_time":0.0},"makespan":12.410751342773438,"nodes_expanded":16,"nodes_visited":1680,"solved":true}