{"Timer":{"mp_compute_time":1.289999858045121e-07,"s_compute_time":1.000017846308765e-09,"ta_compute_time":5.910000027142814e-07,"total_compute_time":7.209999921542476e-07,"tp_compute_time":0.0},"makespan":13.249055862426758,"nodes_expanded":147,"nodes_visited":5238,"solved":true}