{"Timer":{"mp_compute_time":3.099999901223782e-08,"s_compute_time":2.3000001903028533e-08,"ta_compute_time":2.0858999050688e-05,"total_compute_time":2.091299757012166e-05,"tp_compute_time":0.0},"makespan":3.748807430267334,"nodes_expanded":3694,"nodes_visited":251350,"solved":true}