{"Timer":{"mp_compute_time":1.509999805193729e-07,"s_compute_time":0.0,"ta_compute_time":2.460000132487039e-07,"total_compute_time":3.9700000797893154e-07,"tp_compute_time":0.0},"makespan":12.802286148071289,"nodes_expanded":120,"nodes_visited":3333,"solved":true}