{"Timer":{"mp_compute_time":9.300001693191007e-07,"s_compute_time":6.999925972195342e-09,"ta_compute_time":2.759999233603594e-07,"total_compute_time":1.2130000186516554e-06,"tp_compute_time":0.0},"makespan":2021.0255126953125,"nodes_expanded":19,"nodes_visited":848,"solved":true}