{"Timer":{"mp_compute_time":1.2290000768189202e-06,"s_compute_time":7.999915396794677e-09,"ta_compute_time":2.159999894502107e-07,"total_compute_time":1.4529999816659256e-06,"tp_compute_time":0.0},"makespan":1676.8336181640625,"nodes_expanded":19,"nodes_visited":845,"solved":true}