{"Timer":{"mp_compute_time":3.2999997756633093e-07,"s_compute_time":0.0,"ta_compute_time":6.500002314169251e-08,"total_compute_time":3.9500000070802344e-07,"tp_compute_time":0.0},"makespan":1322.9449462890625,"nodes_expanded":25,"nodes_visited":521,"solved":true}