{"Timer":{"mp_compute_time":1.077000206350931e-06,"s_compute_time":3.999957698397338e-09,"ta_compute_time":2.499998572602635e-07,"total_compute_time":1.3310000213095918e-06,"tp_compute_time":0.0},"makespan":2332.283935546875,"nodes_expanded":28,"nodes_visited":948,"solved":true}