{"Timer":{"mp_compute_time":9.650001402405906e-07,"s_compute_time":2.999854586960282e-09,"ta_compute_time":1.740000016070553e-06,"total_compute_time":2.708000010898104e-06,"tp_compute_time":0.0},"makespan":1765.0765380859375,"nodes_expanded":587,"nodes_visited":8685,"solved":true}