{"Timer":{"mp_compute_time":6.090001534175826e-07,"s_compute_time":-1.1368683772161603e-13,"ta_compute_time":2.1299996433299384e-07,"total_compute_time":8.220000040637387e-07,"tp_compute_time":0.0},"makespan":1701.3521728515625,"nodes_expanded":17,"nodes_visited":816,"solved":true}