{"Timer":{"mp_compute_time":1.0130002010555472e-06,"s_compute_time":4.999833436158951e-09,"ta_compute_time":2.680000079635647e-07,"total_compute_time":1.2860000424552709e-06,"tp_compute_time":0.0},"makespan":2866.78271484375,"nodes_expanded":17,"nodes_visited":816,"solved":true}