{"Timer":{"mp_compute_time":7.130000767574529e-07,"s_compute_time":1.0000462680181954e-09,"ta_compute_time":3.819998823928472e-07,"total_compute_time":1.0960000054183183e-06,"tp_compute_time":0.0},"makespan":4811.84765625,"nodes_expanded":346,"nodes_visited":4721,"solved":true}