{"Timer":{"mp_compute_time":1.9099995540727832e-07,"s_compute_time":2.000049903472245e-09,"ta_compute_time":7.000000135093387e-09,"total_compute_time":2.0000000233721948e-07,"tp_compute_time":0.0},"makespan":3097.322509765625,"nodes_expanded":17,"nodes_visited":816,"solved":true}