{"Timer":{"mp_compute_time":1.14800013761851e-06,"s_compute_time":0.0,"ta_compute_time":3.959999048674945e-07,"total_compute_time":1.5440000424860045e-06,"tp_compute_time":0.0},"makespan":1137.7747802734375,"nodes_expanded":208,"nodes_visited":8181,"solved":true}