{"Timer":{"mp_compute_time":1.1800000265793642e-06,"s_compute_time":0.0,"ta_compute_time":3.399998149689054e-08,"total_compute_time":1.2140000080762547e-06,"tp_compute_time":0.0},"makespan":1946.5916748046875,"nodes_expanded":13,"nodes_visited":468,"solved":true}