{"Timer":{"mp_compute_time":9.020002380566439e-07,"s_compute_time":3.999844011559617e-09,"ta_compute_time":2.689998837013263e-07,"total_compute_time":1.1749999657695298e-06,"tp_compute_time":0.0},"makespan":1982.2003173828125,"nodes_expanded":19,"nodes_visited":882,"solved":true}