{"Timer":{"mp_compute_time":2.2140000055514975e-06,"s_compute_time":3.999730324721895e-09,"ta_compute_time":2.690003384486772e-07,"total_compute_time":2.4870000743248966e-06,"tp_compute_time":0.0},"makespan":2137.127685546875,"nodes_expanded":18,"nodes_visited":834,"solved":true}