{"Timer":{"mp_compute_time":4.1300000930277747e-07,"s_compute_time":0.0,"ta_compute_time":2.6999998681276338e-08,"total_compute_time":4.400000079840538e-07,"tp_compute_time":0.0},"makespan":1156.885009765625,"nodes_expanded":13,"nodes_visited":468,"solved":true}