{"Timer":{"mp_compute_time":3.9700000797893154e-07,"s_compute_time":9.999894245993346e-10,"ta_compute_time":4.899999339613714e-08,"total_compute_time":4.46999990799668e-07,"tp_compute_time":0.0},"makespan":1107.6192626953125,"nodes_expanded":13,"nodes_visited":468,"solved":true}