{"Timer":{"mp_compute_time":4.0500006548427336e-07,"s_compute_time":3.999929276687908e-09,"ta_compute_time":1.5999999547489097e-08,"total_compute_time":4.249999960848072e-07,"tp_compute_time":0.0},"makespan":2712.699462890625,"nodes_expanded":17,"nodes_visited":1632,"solved":true}