{"Timer":{"mp_compute_time":9.440001917937479e-07,"s_compute_time":9.99875737761613e-10,"ta_compute_time":1.0169999313802691e-06,"total_compute_time":1.96199994206836e-06,"tp_compute_time":0.0},"makespan":2030.953369140625,"nodes_expanded":320,"nodes_visited":5017,"solved":true}