{"Timer":{"mp_compute_time":2.5099993194999115e-07,"s_compute_time":2.0000072709080996e-09,"ta_compute_time":5.900005817238707e-08,"total_compute_time":3.119999973932863e-07,"tp_compute_time":0.0},"makespan":1578.2510986328125,"nodes_expanded":15,"nodes_visited":476,"solved":true}