{"Timer":{"mp_compute_time":1.6800001958472421e-06,"s_compute_time":2.9999682737980038e-09,"ta_compute_time":2.659999154275283e-07,"total_compute_time":1.9490000795485685e-06,"tp_compute_time":0.0},"makespan":4822.0234375,"nodes_expanded":20,"nodes_visited":2280,"solved":true}