{"Timer":{"mp_compute_time":3.8700000004610047e-07,"s_compute_time":-2.842170943040401e-14,"ta_compute_time":1.4800005487813905e-07,"total_compute_time":5.350000265025301e-07,"tp_compute_time":0.0},"makespan":4837.740234375,"nodes_expanded":19,"nodes_visited":1710,"solved":true}