{"Timer":{"mp_compute_time":8.650000609122799e-07,"s_compute_time":9.999894245993346e-10,"ta_compute_time":1.3299995771376416e-07,"total_compute_time":9.990000080506434e-07,"tp_compute_time":0.0},"makespan":2791.215087890625,"nodes_expanded":17,"nodes_visited":1632,"solved":true}