{"Timer":{"mp_compute_time":5.590000569100084e-07,"s_compute_time":0.0,"ta_compute_time":6.399994845196488e-08,"total_compute_time":6.230000053619733e-07,"tp_compute_time":0.0},"makespan":4820.306640625,"nodes_expanded":16,"nodes_visited":1200,"solved":true}