{"Timer":{"mp_compute_time":2.839999524439918e-07,"s_compute_time":0.0,"ta_compute_time":2.50000482537871e-08,"total_compute_time":3.090000006977789e-07,"tp_compute_time":0.0},"makespan":1143.8939208984375,"nodes_expanded":13,"nodes_visited":468,"solved":true}