{"Timer":{"mp_compute_time":3.2189984722208465e-06,"s_compute_time":3.000195647473447e-09,"ta_compute_time":1.570012955198763e-07,"total_compute_time":3.378999963388196e-06,"tp_compute_time":0.0},"makespan":1115.0601806640625,"nodes_expanded":20,"nodes_visited":1815,"solved":true}