{"Timer":{"mp_compute_time":4.6300007738864224e-07,"s_compute_time":9.999041594710434e-10,"ta_compute_time":1.2700002116616815e-07,"total_compute_time":5.910000027142814e-07,"tp_compute_time":0.0},"makespan":1118.485595703125,"nodes_expanded":17,"nodes_visited":1632,"solved":true}