{"Timer":{"mp_compute_time":1.1550000635907054e-06,"s_compute_time":6.999925972195342e-09,"ta_compute_time":2.210000502600451e-07,"total_compute_time":1.3830000398229458e-06,"tp_compute_time":0.0},"makespan":2404.07861328125,"nodes_expanded":17,"nodes_visited":816,"solved":true}