{"Timer":{"mp_compute_time":2.749999623574695e-07,"s_compute_time":9.999894245993346e-10,"ta_compute_time":2.150000284473208e-07,"total_compute_time":4.909999802293896e-07,"tp_compute_time":0.0},"makespan":1323.4625244140625,"nodes_expanded":123,"nodes_visited":1906,"solved":true}