{"Timer":{"mp_compute_time":3.6399995906322147e-07,"s_compute_time":1.0000462680181954e-09,"ta_compute_time":1.4999999464748726e-08,"total_compute_time":3.8000001723048626e-07,"tp_compute_time":0.0},"makespan":2731.41162109375,"nodes_expanded":17,"nodes_visited":1632,"solved":true}