{"Timer":{"mp_compute_time":5.489999921337585e-07,"s_compute_time":4.000014541816199e-09,"ta_compute_time":6.000000052353016e-09,"total_compute_time":5.590000000665896e-07,"tp_compute_time":0.0},"makespan":2255.2099609375,"nodes_expanded":17,"nodes_visited":816,"solved":true}