{"Timer":{"mp_compute_time":3.0789988159085624e-06,"s_compute_time":2.399974619038403e-08,"ta_compute_time":1.7670013221504632e-06,"total_compute_time":4.86999988424941e-06,"tp_compute_time":0.0},"makespan":4857.9521484375,"nodes_expanded":27,"nodes_visited":3861,"solved":true}