{"Timer":{"mp_compute_time":5.840000767420861e-07,"s_compute_time":2.9999682737980038e-09,"ta_compute_time":2.659999722709472e-07,"total_compute_time":8.530000172868313e-07,"tp_compute_time":0.0},"makespan":2005.12646484375,"nodes_expanded":21,"nodes_visited":855,"solved":true}