{"Timer":{"mp_compute_time":3.65999994755839e-07,"s_compute_time":0.0,"ta_compute_time":4.800000397153781e-08,"total_compute_time":4.139999987273768e-07,"tp_compute_time":0.0},"makespan":1472.3021240234375,"nodes_expanded":13,"nodes_visited":468,"solved":true}