{"Timer":{"mp_compute_time":9.680002222012263e-07,"s_compute_time":9.99875737761613e-10,"ta_compute_time":1.4899990219419124e-07,"total_compute_time":1.1180000001331791e-06,"tp_compute_time":0.0},"makespan":1331.042724609375,"nodes_expanded":19,"nodes_visited":1792,"solved":true}