{"Timer":{"mp_compute_time":6.960001428524265e-07,"s_compute_time":2.999911430379143e-09,"ta_compute_time":2.859999881366093e-07,"total_compute_time":9.85000042419415e-07,"tp_compute_time":0.0},"makespan":1856.0709228515625,"nodes_expanded":24,"nodes_visited":902,"solved":true}