{"Timer":{"mp_compute_time":8.000001230357157e-07,"s_compute_time":2.999911430379143e-09,"ta_compute_time":3.469999683147762e-07,"total_compute_time":1.150000002780871e-06,"tp_compute_time":0.0},"makespan":2309.5400390625,"nodes_expanded":30,"nodes_visited":1040,"solved":true}