{"Timer":{"mp_compute_time":2.753999297055998e-06,"s_compute_time":3.999957698397338e-09,"ta_compute_time":4.850007826462388e-07,"total_compute_time":3.243000037400634e-06,"tp_compute_time":0.0},"makespan":4835.3173828125,"nodes_expanded":24,"nodes_visited":3036,"solved":true}