{"Timer":{"mp_compute_time":9.82000074145617e-07,"s_compute_time":9.999894245993346e-10,"ta_compute_time":6.799996299378108e-08,"total_compute_time":1.0510000265639974e-06,"tp_compute_time":0.0},"makespan":1580.6944580078125,"nodes_expanded":23,"nodes_visited":525,"solved":true}