{"Timer":{"mp_compute_time":7.850002816667256e-07,"s_compute_time":3.999844011559617e-09,"ta_compute_time":2.5499986122667906e-07,"total_compute_time":1.0439999869049643e-06,"tp_compute_time":0.0},"makespan":2144.11767578125,"nodes_expanded":18,"nodes_visited":834,"solved":true}