{"Timer":{"mp_compute_time":8.710001111467136e-07,"s_compute_time":-1.1368683772161603e-13,"ta_compute_time":1.5099999473022763e-07,"total_compute_time":1.0219999921901035e-06,"tp_compute_time":0.0},"makespan":1105.7445068359375,"nodes_expanded":19,"nodes_visited":1792,"solved":true}