{"Timer":{"mp_compute_time":1.0470001825524378e-06,"s_compute_time":3.999844011559617e-09,"ta_compute_time":2.079999603665783e-07,"total_compute_time":1.2589999869305757e-06,"tp_compute_time":0.0},"makespan":1865.92138671875,"nodes_expanded":25,"nodes_visited":863,"solved":true}