{"Timer":{"mp_compute_time":2.5759998152352637e-06,"s_compute_time":9.000132195069455e-09,"ta_compute_time":4.309999894758221e-07,"total_compute_time":3.015999936906155e-06,"tp_compute_time":0.0},"makespan":5896.6796875,"nodes_expanded":24,"nodes_visited":3036,"solved":true}