{"Timer":{"mp_compute_time":2.439999207126675e-07,"s_compute_time":0.0,"ta_compute_time":4.7000071390357334e-08,"total_compute_time":2.9099999210302485e-07,"tp_compute_time":0.0},"makespan":1379.414794921875,"nodes_expanded":13,"nodes_visited":468,"solved":true}