{"Timer":{"mp_compute_time":2.9739999263256323e-06,"s_compute_time":5.000174496672116e-09,"ta_compute_time":6.000000052353016e-09,"total_compute_time":2.9850000373699004e-06,"tp_compute_time":0.0},"makespan":3992.488525390625,"nodes_expanded":17,"nodes_visited":816,"solved":true}