{"Timer":{"mp_compute_time":5.290000331115152e-07,"s_compute_time":3.999957698397338e-09,"ta_compute_time":7.000000135093387e-09,"total_compute_time":5.399999736255268e-07,"tp_compute_time":0.0},"makespan":2405.266845703125,"nodes_expanded":17,"nodes_visited":816,"solved":true}