{"Timer":{"mp_compute_time":5.640001177198428e-07,"s_compute_time":9.99875737761613e-10,"ta_compute_time":2.610000251479505e-07,"total_compute_time":8.260000186055549e-07,"tp_compute_time":0.0},"makespan":1710.7138671875,"nodes_expanded":17,"nodes_visited":816,"solved":true}