{"Timer":{"mp_compute_time":1.2990001323487377e-06,"s_compute_time":2.999854586960282e-09,"ta_compute_time":1.4099998679739656e-07,"total_compute_time":1.4429999737330945e-06,"tp_compute_time":0.0},"makespan":2759.070068359375,"nodes_expanded":17,"nodes_visited":1632,"solved":true}