{"Timer":{"mp_compute_time":1.0740001243902952e-06,"s_compute_time":1.999978849198669e-09,"ta_compute_time":2.3199993393063778e-07,"total_compute_time":1.3080000371701317e-06,"tp_compute_time":0.0},"makespan":4248.96435546875,"nodes_expanded":17,"nodes_visited":816,"solved":true}