{"Timer":{"mp_compute_time":3.400000139208714e-07,"s_compute_time":9.999894245993346e-10,"ta_compute_time":1.999999943436137e-09,"total_compute_time":3.4300001061637886e-07,"tp_compute_time":0.0},"makespan":1438.4835205078125,"nodes_expanded":13,"nodes_visited":468,"solved":true}