{"Timer":{"mp_compute_time":5.790000727756706e-07,"s_compute_time":0.0,"ta_compute_time":6.099992333474802e-08,"total_compute_time":6.399999961104186e-07,"tp_compute_time":0.0},"makespan":4819.6787109375,"nodes_expanded":16,"nodes_visited":1200,"solved":true}