{"Timer":{"mp_compute_time":2.963000270028715e-06,"s_compute_time":5.9999365475960076e-09,"ta_compute_time":2.4799987841106486e-07,"total_compute_time":3.217000084987376e-06,"tp_compute_time":0.0},"makespan":3314.422607421875,"nodes_expanded":17,"nodes_visited":816,"solved":true}