{"Timer":{"mp_compute_time":8.630002525933378e-07,"s_compute_time":2.4999849301821087e-08,"ta_compute_time":3.1404997571371496e-05,"total_compute_time":3.2292999094352126e-05,"tp_compute_time":0.0},"makespan":1823.6650390625,"nodes_expanded":12164,"nodes_visited":146931,"solved":true}