{"Timer":{"mp_compute_time":8.770002750679851e-07,"s_compute_time":4.999833436158951e-09,"ta_compute_time":7.099998811099795e-07,"total_compute_time":1.5919999896141235e-06,"tp_compute_time":0.0},"makespan":1805.045654296875,"nodes_expanded":112,"nodes_visited":2897,"solved":true}