{"Timer":{"mp_compute_time":3.879999894706998e-07,"s_compute_time":1.000017846308765e-09,"ta_compute_time":4.699998612522904e-08,"total_compute_time":4.359999934422376e-07,"tp_compute_time":0.0},"makespan":1118.404052734375,"nodes_expanded":13,"nodes_visited":468,"solved":true}