{"Timer":{"mp_compute_time":6.910001957294298e-07,"s_compute_time":-1.7053025658242404e-13,"ta_compute_time":1.379999616801797e-07,"total_compute_time":8.289999868793529e-07,"tp_compute_time":0.0},"makespan":2131.567626953125,"nodes_expanded":17,"nodes_visited":1632,"solved":true}