{"Timer":{"mp_compute_time":2.839999808657012e-07,"s_compute_time":0.0,"ta_compute_time":6.100000859987631e-08,"total_compute_time":3.4499998946557753e-07,"tp_compute_time":0.0},"makespan":1314.19482421875,"nodes_expanded":16,"nodes_visited":492,"solved":true}