{"Timer":{"mp_compute_time":1.0030000794358784e-06,"s_compute_time":1.999978849198669e-09,"ta_compute_time":1.369999154121615e-07,"total_compute_time":1.1419999736972386e-06,"tp_compute_time":0.0},"makespan":2971.756591796875,"nodes_expanded":17,"nodes_visited":1632,"solved":true}