{"Timer":{"mp_compute_time":8.199999683711212e-07,"s_compute_time":5.000003966415534e-09,"ta_compute_time":6.000000052353016e-09,"total_compute_time":8.309999657285516e-07,"tp_compute_time":0.0},"makespan":3357.04052734375,"nodes_expanded":17,"nodes_visited":816,"solved":true}