{"Timer":{"mp_compute_time":2.479999466231675e-06,"s_compute_time":9.000586942420341e-09,"ta_compute_time":5.3000000832525984e-08,"total_compute_time":2.541999947425211e-06,"tp_compute_time":0.0},"makespan":6298.9921875,"nodes_expanded":27,"nodes_visited":3510,"solved":true}