{"Timer":{"mp_compute_time":9.680001085143886e-07,"s_compute_time":1.999978849198669e-09,"ta_compute_time":1.3799990483676083e-07,"total_compute_time":1.107999992200348e-06,"tp_compute_time":0.0},"makespan":1632.944580078125,"nodes_expanded":17,"nodes_visited":1632,"solved":true}