{"Timer":{"mp_compute_time":1.7510001271148212e-06,"s_compute_time":7.000039659033064e-09,"ta_compute_time":2.6099985461769393e-07,"total_compute_time":2.0190000213915482e-06,"tp_compute_time":0.0},"makespan":1821.1617431640625,"nodes_expanded":19,"nodes_visited":838,"solved":true}