{"Timer":{"mp_compute_time":4.119999914564687e-07,"s_compute_time":4.000014541816199e-09,"ta_compute_time":6.000000052353016e-09,"total_compute_time":4.219999993892998e-07,"tp_compute_time":0.0},"makespan":2795.126220703125,"nodes_expanded":17,"nodes_visited":816,"solved":true}