{"Timer":{"mp_compute_time":2.119999606975398e-07,"s_compute_time":3.00003932807158e-09,"ta_compute_time":6.000000052353016e-09,"total_compute_time":2.2099999341662624e-07,"tp_compute_time":0.0},"makespan":2937.97998046875,"nodes_expanded":17,"nodes_visited":816,"solved":true}