{"Timer":{"mp_compute_time":6.360000384120212e-07,"s_compute_time":9.999325811804738e-10,"ta_compute_time":1.8800000134433503e-07,"total_compute_time":8.249999723375367e-07,"tp_compute_time":0.0},"makespan":1738.165771484375,"nodes_expanded":18,"nodes_visited":830,"solved":true}