{"Timer":{"mp_compute_time":4.3800002913485514e-07,"s_compute_time":0.0,"ta_compute_time":2.8299996301939245e-07,"total_compute_time":7.209999921542476e-07,"tp_compute_time":0.0},"makespan":1084.0452880859375,"nodes_expanded":123,"nodes_visited":2831,"solved":true}