{"Timer":{"mp_compute_time":5.93000038406899e-07,"s_compute_time":3.999957698397338e-09,"ta_compute_time":1.5999999547489097e-08,"total_compute_time":6.129999974291422e-07,"tp_compute_time":0.0},"makespan":1965.548828125,"nodes_expanded":17,"nodes_visited":1632,"solved":true}