{"Timer":{"mp_compute_time":5.880000912839023e-07,"s_compute_time":1.0000462680181954e-09,"ta_compute_time":5.899988764213049e-08,"total_compute_time":6.48000025194051e-07,"tp_compute_time":0.0},"makespan":4819.271484375,"nodes_expanded":16,"nodes_visited":1200,"solved":true}