{
  "Timer": {
    "mp_compute_time": 2.749999623574695e-07,
    "s_compute_time": 9.999894245993346e-10,
    "ta_compute_time": 5.900005817238707e-08,
    "total_compute_time": 3.350000099544559e-07,
    "tp_compute_time": 0.0
  },
  "makespan": 2300.15966796875,
  "nodes_expanded": 13,
  "nodes_visited": 468,
  "solved": true
}