{"Timer":{"mp_compute_time":3.173999175487552e-06,"s_compute_time":6.999925972195342e-09,"ta_compute_time":5.850008619745495e-07,"total_compute_time":3.7659999634342967e-06,"tp_compute_time":0.0},"makespan":4851.66796875,"nodes_expanded":23,"nodes_visited":2530,"solved":true}