{"Timer":{"mp_compute_time":2.639999934217485e-07,"s_compute_time":0.0,"ta_compute_time":2.6000009256677004e-08,"total_compute_time":2.900000026784255e-07,"tp_compute_time":0.0},"makespan":1161.0142822265625,"nodes_expanded":13,"nodes_visited":468,"solved":true}