{"Timer":{"mp_compute_time":1.7660001958574867e-06,"s_compute_time":4.999947122996673e-09,"ta_compute_time":2.4199994186346885e-07,"total_compute_time":2.013000084843952e-06,"tp_compute_time":0.0},"makespan":1950.038818359375,"nodes_expanded":18,"nodes_visited":843,"solved":true}