{"Timer":{"mp_compute_time":1.4480001482297666e-06,"s_compute_time":4.999947122996673e-09,"ta_compute_time":2.9999989692441886e-07,"total_compute_time":1.7529999922771822e-06,"tp_compute_time":0.0},"makespan":2026.8179931640625,"nodes_expanded":20,"nodes_visited":935,"solved":true}