{"Timer":{"mp_compute_time":8.330001151080069e-07,"s_compute_time":1.9999220057798084e-09,"ta_compute_time":2.3199993393063778e-07,"total_compute_time":1.0669999710444245e-06,"tp_compute_time":0.0},"makespan":1827.9542236328125,"nodes_expanded":17,"nodes_visited":816,"solved":true}