{"Timer":{"mp_compute_time":2.240000043229884e-07,"s_compute_time":2.999996695507434e-09,"ta_compute_time":1.999999943436137e-09,"total_compute_time":2.289999940785492e-07,"tp_compute_time":0.0},"makespan":2266.40380859375,"nodes_expanded":13,"nodes_visited":468,"solved":true}