{"Timer":{"mp_compute_time":6.610001719309366e-07,"s_compute_time":-1.7053025658242404e-13,"ta_compute_time":1.3800001852359856e-07,"total_compute_time":7.990000199242786e-07,"tp_compute_time":0.0},"makespan":2308.53564453125,"nodes_expanded":17,"nodes_visited":1632,"solved":true}