{"Timer":{"mp_compute_time":8.020001587283332e-07,"s_compute_time":-1.1368683772161603e-13,"ta_compute_time":1.779999365680851e-07,"total_compute_time":9.799999816095806e-07,"tp_compute_time":0.0},"makespan":1105.3212890625,"nodes_expanded":26,"nodes_visited":2030,"solved":true}