{"Timer":{"mp_compute_time":2.9329999051697087e-06,"s_compute_time":9.000132195069455e-09,"ta_compute_time":3.1099989428184927e-07,"total_compute_time":3.2529999316466274e-06,"tp_compute_time":0.0},"makespan":1851.1602783203125,"nodes_expanded":23,"nodes_visited":850,"solved":true}