{"Timer":{"mp_compute_time":9.180000120068144e-07,"s_compute_time":2.999911430379143e-09,"ta_compute_time":2.2000006083544577e-07,"total_compute_time":1.1409999842726393e-06,"tp_compute_time":0.0},"makespan":2057.290771484375,"nodes_expanded":19,"nodes_visited":826,"solved":true}