{"Timer":{"mp_compute_time":2.2559995613846695e-06,"s_compute_time":6.000391294946894e-09,"ta_compute_time":2.730000687733991e-07,"total_compute_time":2.5350000214530155e-06,"tp_compute_time":0.0},"makespan":2016.5098876953125,"nodes_expanded":17,"nodes_visited":816,"solved":true}