{"Timer":{"mp_compute_time":2.856999572031782e-06,"s_compute_time":3.999957698397338e-09,"ta_compute_time":2.5000053938128985e-07,"total_compute_time":3.111000069111469e-06,"tp_compute_time":0.0},"makespan":2334.5849609375,"nodes_expanded":47,"nodes_visited":924,"solved":true}