{"Timer":{"mp_compute_time":7.490002076337987e-07,"s_compute_time":9.99875737761613e-10,"ta_compute_time":1.3599992598756216e-07,"total_compute_time":8.860000093591225e-07,"tp_compute_time":0.0},"makespan":1082.757080078125,"nodes_expanded":17,"nodes_visited":1632,"solved":true}