{"Timer":{"mp_compute_time":7.720000212430023e-07,"s_compute_time":9.999894245993346e-10,"ta_compute_time":6.599998414458241e-08,"total_compute_time":8.38999994812184e-07,"tp_compute_time":0.0},"makespan":1667.5855712890625,"nodes_expanded":17,"nodes_visited":492,"solved":true}