{"Timer":{"mp_compute_time":7.430003279296216e-07,"s_compute_time":9.997620509238914e-10,"ta_compute_time":1.959999167411297e-07,"total_compute_time":9.400000067216752e-07,"tp_compute_time":0.0},"makespan":2405.21142578125,"nodes_expanded":17,"nodes_visited":816,"solved":true}