{"Timer":{"mp_compute_time":8.41000257878477e-07,"s_compute_time":2.999854586960282e-09,"ta_compute_time":3.0999984801383107e-07,"total_compute_time":1.1539999604792683e-06,"tp_compute_time":0.0},"makespan":1772.79541015625,"nodes_expanded":60,"nodes_visited":1358,"solved":true}