{"Timer":{"mp_compute_time":8.000002367225534e-07,"s_compute_time":9.999837402574485e-09,"ta_compute_time":7.516000096075004e-06,"total_compute_time":8.326000170200132e-06,"tp_compute_time":0.0},"makespan":1940.22509765625,"nodes_expanded":2424,"nodes_visited":38506,"solved":true}