{"Timer":{"mp_compute_time":5.380001084631658e-07,"s_compute_time":4.999947122996673e-09,"ta_compute_time":2.4599995640528505e-07,"total_compute_time":7.890000119914475e-07,"tp_compute_time":0.0},"makespan":1869.873291015625,"nodes_expanded":17,"nodes_visited":816,"solved":true}