{"Timer":{"mp_compute_time":3.069999934268708e-07,"s_compute_time":0.0,"ta_compute_time":2.9000005952184438e-08,"total_compute_time":3.359999993790552e-07,"tp_compute_time":0.0},"makespan":1130.6451416015625,"nodes_expanded":13,"nodes_visited":468,"solved":true}