{"Timer":{"mp_compute_time":7.720001917732588e-07,"s_compute_time":2.999854586960282e-09,"ta_compute_time":2.689999405447452e-07,"total_compute_time":1.0439999869049643e-06,"tp_compute_time":0.0},"makespan":2072.7744140625,"nodes_expanded":24,"nodes_visited":874,"solved":true}