{"Timer":{"mp_compute_time":5.440000450107618e-07,"s_compute_time":2.00003569261753e-09,"ta_compute_time":4.399993258630275e-08,"total_compute_time":5.900000132896821e-07,"tp_compute_time":0.0},"makespan":1366.921875,"nodes_expanded":13,"nodes_visited":468,"solved":true}