{"Timer":{"mp_compute_time":9.190000582748326e-07,"s_compute_time":1.9999220057798084e-09,"ta_compute_time":2.0800001720999717e-07,"total_compute_time":1.1289999974906095e-06,"tp_compute_time":0.0},"makespan":1881.49169921875,"nodes_expanded":17,"nodes_visited":816,"solved":true}