{"Timer":{"mp_compute_time":2.429999312880682e-07,"s_compute_time":0.0,"ta_compute_time":5.70000793231884e-08,"total_compute_time":3.000000106112566e-07,"tp_compute_time":0.0},"makespan":1906.6529541015625,"nodes_expanded":13,"nodes_visited":468,"solved":true}