{"Timer":{"mp_compute_time":3.140000046641944e-07,"s_compute_time":0.0,"ta_compute_time":6.799999141549051e-08,"total_compute_time":3.8199999607968493e-07,"tp_compute_time":0.0},"makespan":4807.865234375,"nodes_expanded":16,"nodes_visited":1320,"solved":true}