{"Timer":{"mp_compute_time":6.150001468085975e-07,"s_compute_time":-1.1368683772161603e-13,"ta_compute_time":1.269999643227493e-07,"total_compute_time":7.419999974445091e-07,"tp_compute_time":0.0},"makespan":1052.812255859375,"nodes_expanded":17,"nodes_visited":1632,"solved":true}