{"Timer":{"mp_compute_time":4.0900008002608956e-07,"s_compute_time":9.999894245993346e-10,"ta_compute_time":1.499999200405e-07,"total_compute_time":5.599999894911889e-07,"tp_compute_time":0.0},"makespan":4837.744140625,"nodes_expanded":19,"nodes_visited":1710,"solved":true}