{"Timer":{"mp_compute_time":8.550000529794488e-07,"s_compute_time":1.999978849198669e-09,"ta_compute_time":2.2500000795844244e-07,"total_compute_time":1.08200003978709e-06,"tp_compute_time":0.0},"makespan":5468.7919921875,"nodes_expanded":20,"nodes_visited":2280,"solved":true}