{"Timer":{"mp_compute_time":2.779999590529769e-07,"s_compute_time":0.0,"ta_compute_time":3.540000648172281e-07,"total_compute_time":6.32000023870205e-07,"tp_compute_time":0.0},"makespan":1091.466552734375,"nodes_expanded":159,"nodes_visited":3677,"solved":true}