{"Timer":{"mp_compute_time":2.3699998052961746e-07,"s_compute_time":2.000021481762815e-09,"ta_compute_time":1.999999943436137e-09,"total_compute_time":2.410000092822884e-07,"tp_compute_time":0.0},"makespan":2016.154541015625,"nodes_expanded":13,"nodes_visited":468,"solved":true}