{"Timer":{"mp_compute_time":4.2800002120202407e-07,"s_compute_time":3.999986120106769e-09,"ta_compute_time":1.4000000270186774e-08,"total_compute_time":4.460000013750687e-07,"tp_compute_time":0.0},"makespan":2276.436279296875,"nodes_expanded":17,"nodes_visited":1632,"solved":true}