{"Timer":{"mp_compute_time":5.970000529487152e-07,"s_compute_time":9.999894245993346e-10,"ta_compute_time":2.87999966985808e-07,"total_compute_time":8.860000093591225e-07,"tp_compute_time":0.0},"makespan":1079.6346435546875,"nodes_expanded":107,"nodes_visited":2876,"solved":true}