{"Timer":{"mp_compute_time":2.689999689664546e-07,"s_compute_time":0.0,"ta_compute_time":4.540000588804105e-07,"total_compute_time":7.230000278468651e-07,"tp_compute_time":0.0},"makespan":1070.26953125,"nodes_expanded":275,"nodes_visited":4772,"solved":true}