{"Timer":{"mp_compute_time":3.3909989269886864e-06,"s_compute_time":2.0002062228741124e-09,"ta_compute_time":1.3900080375606194e-07,"total_compute_time":3.5319999369676225e-06,"tp_compute_time":0.0},"makespan":1630.2095947265625,"nodes_expanded":17,"nodes_visited":1632,"solved":true}