{"Timer":{"mp_compute_time":8.740003067941871e-07,"s_compute_time":9.998188943427522e-10,"ta_compute_time":2.499999141036824e-07,"total_compute_time":1.1250000397922122e-06,"tp_compute_time":0.0},"makespan":2405.156982421875,"nodes_expanded":18,"nodes_visited":843,"solved":true}