{"Timer":{"mp_compute_time":8.12000280348002e-07,"s_compute_time":2.999911430379143e-09,"ta_compute_time":2.4899981099224533e-07,"total_compute_time":1.0640000027706265e-06,"tp_compute_time":0.0},"makespan":1942.9813232421875,"nodes_expanded":17,"nodes_visited":816,"solved":true}