{"Timer":{"mp_compute_time":5.270001679491543e-07,"s_compute_time":-1.7053025658242404e-13,"ta_compute_time":2.639999934217485e-07,"total_compute_time":7.909999908406462e-07,"tp_compute_time":0.0},"makespan":1734.0047607421875,"nodes_expanded":19,"nodes_visited":833,"solved":true}