{"Timer":{"mp_compute_time":5.560000317927916e-07,"s_compute_time":0.0,"ta_compute_time":5.7999955060950015e-08,"total_compute_time":6.139999868537416e-07,"tp_compute_time":0.0},"makespan":5191.51416015625,"nodes_expanded":16,"nodes_visited":1200,"solved":true}