{"Timer":{"mp_compute_time":3.119999689715769e-07,"s_compute_time":1.999978849198669e-09,"ta_compute_time":4.9000050239556003e-08,"total_compute_time":3.6299999806033156e-07,"tp_compute_time":0.0},"makespan":1424.4830322265625,"nodes_expanded":14,"nodes_visited":484,"solved":true}