{"Timer":{"mp_compute_time":1.8110005157723208e-06,"s_compute_time":2.342978405067697e-06,"ta_compute_time":1.9190210878150538e-06,"total_compute_time":6.072999894968234e-06,"tp_compute_time":0.0},"makespan":4841.810546875,"nodes_expanded":28,"nodes_visited":4158,"solved":true}