{"Timer":{"mp_compute_time":5.830000873174868e-07,"s_compute_time":1.999978849198669e-09,"ta_compute_time":4.9999925977317616e-08,"total_compute_time":6.34999992144003e-07,"tp_compute_time":0.0},"makespan":1053.3106689453125,"nodes_expanded":13,"nodes_visited":468,"solved":true}