{"Timer":{"mp_compute_time":2.459999279835756e-07,"s_compute_time":0.0,"ta_compute_time":1.8400007206764712e-07,"total_compute_time":4.3000000005122274e-07,"tp_compute_time":0.0},"makespan":1132.1402587890625,"nodes_expanded":65,"nodes_visited":1773,"solved":true}