{"Timer":{"mp_compute_time":2.0600002699211473e-06,"s_compute_time":2.9999682737980038e-09,"ta_compute_time":1.3899966688768473e-07,"total_compute_time":2.20199990508263e-06,"tp_compute_time":0.0},"makespan":1664.99755859375,"nodes_expanded":17,"nodes_visited":1632,"solved":true}