{"Timer":{"mp_compute_time":1.374000476062065e-06,"s_compute_time":5.339952622307464e-07,"ta_compute_time":1.3090043466945644e-06,"total_compute_time":3.217000084987376e-06,"tp_compute_time":0.0},"makespan":4846.73046875,"nodes_expanded":27,"nodes_visited":3510,"solved":true}