{"Timer":{"mp_compute_time":2.5299993922089925e-07,"s_compute_time":0.0,"ta_compute_time":4.7000071390357334e-08,"total_compute_time":3.000000106112566e-07,"tp_compute_time":0.0},"makespan":1075.910888671875,"nodes_expanded":16,"nodes_visited":494,"solved":true}