{"Timer":{"mp_compute_time":2.749999907791789e-07,"s_compute_time":0.0,"ta_compute_time":4.70000031782547e-07,"total_compute_time":7.450000225617259e-07,"tp_compute_time":0.0},"makespan":1166.8447265625,"nodes_expanded":303,"nodes_visited":9393,"solved":true}