{"Timer":{"mp_compute_time":4.3200003574384027e-07,"s_compute_time":0.0,"ta_compute_time":5.699996563635068e-08,"total_compute_time":4.89000001380191e-07,"tp_compute_time":0.0},"makespan":1161.550048828125,"nodes_expanded":23,"nodes_visited":575,"solved":true}