{"Timer":{"mp_compute_time":1.8999995177182427e-07,"s_compute_time":1.0000462680181954e-09,"ta_compute_time":6.000000052353016e-09,"total_compute_time":1.9699999143085734e-07,"tp_compute_time":0.0},"makespan":3119.28759765625,"nodes_expanded":17,"nodes_visited":816,"solved":true}