{"Timer":{"mp_compute_time":1.444000304218207e-06,"s_compute_time":6.9998122853576206e-09,"ta_compute_time":3.19999912790081e-07,"total_compute_time":1.7710000292936456e-06,"tp_compute_time":0.0},"makespan":2119.438232421875,"nodes_expanded":27,"nodes_visited":919,"solved":true}