{"Timer":{"mp_compute_time":3.6299999806033156e-07,"s_compute_time":0.0,"ta_compute_time":3.419999927700701e-07,"total_compute_time":7.049999908304017e-07,"tp_compute_time":0.0},"makespan":1153.3031005859375,"nodes_expanded":156,"nodes_visited":6480,"solved":true}