{"Timer":{"mp_compute_time":1.3690000741917174e-06,"s_compute_time":5.9999365475960076e-09,"ta_compute_time":7.000000135093387e-09,"total_compute_time":1.3820000503983465e-06,"tp_compute_time":0.0},"makespan":2683.728759765625,"nodes_expanded":17,"nodes_visited":816,"solved":true}