{"Timer":{"mp_compute_time":2.142000084859319e-06,"s_compute_time":4.999947122996673e-09,"ta_compute_time":2.629999471537303e-07,"total_compute_time":2.409999979136046e-06,"tp_compute_time":0.0},"makespan":2099.656982421875,"nodes_expanded":17,"nodes_visited":816,"solved":true}