{"Timer":{"mp_compute_time":3.5400000797380926e-07,"s_compute_time":3.999986120106769e-09,"ta_compute_time":1.5999999547489097e-08,"total_compute_time":3.7399999541776197e-07,"tp_compute_time":0.0},"makespan":3112.041259765625,"nodes_expanded":17,"nodes_visited":1632,"solved":true}