{"Timer":{"mp_compute_time":4.358996648079483e-06,"s_compute_time":1.7249853954126593e-06,"ta_compute_time":2.342017978662625e-06,"total_compute_time":8.426000022154767e-06,"tp_compute_time":0.0},"makespan":7080.3857421875,"nodes_expanded":30,"nodes_visited":4785,"solved":true}