{"Timer":{"mp_compute_time":1.456000177313399e-06,"s_compute_time":5.9999365475960076e-09,"ta_compute_time":5.074000000604428e-06,"total_compute_time":6.536000000778586e-06,"tp_compute_time":0.0},"makespan":2034.5531005859375,"nodes_expanded":1244,"nodes_visited":20998,"solved":true}