{"Timer":{"mp_compute_time":3.430000390380883e-07,"s_compute_time":2.9999682737980038e-09,"ta_compute_time":6.000000052353016e-09,"total_compute_time":3.5200000070290116e-07,"tp_compute_time":0.0},"makespan":3772.275146484375,"nodes_expanded":17,"nodes_visited":816,"solved":true}