{"Timer":{"mp_compute_time":3.9900001524983963e-07,"s_compute_time":0.0,"ta_compute_time":5.999999075356754e-08,"total_compute_time":4.590000060034072e-07,"tp_compute_time":0.0},"makespan":1941.4066162109375,"nodes_expanded":13,"nodes_visited":468,"solved":true}