{"Timer":{"mp_compute_time":3.9599999013262277e-07,"s_compute_time":5.000003966415534e-09,"ta_compute_time":6.000000052353016e-09,"total_compute_time":4.0699998749005317e-07,"tp_compute_time":0.0},"makespan":2384.482421875,"nodes_expanded":17,"nodes_visited":816,"solved":true}