{"Timer":{"mp_compute_time":1.3899999373734317e-07,"s_compute_time":3.0000109063621494e-09,"ta_compute_time":1.999999943436137e-09,"total_compute_time":1.4400001191461342e-07,"tp_compute_time":0.0},"makespan":2570.452880859375,"nodes_expanded":13,"nodes_visited":468,"solved":true}