{"Timer":{"mp_compute_time":4.880000687990105e-07,"s_compute_time":9.999894245993346e-10,"ta_compute_time":2.5550000373186776e-06,"total_compute_time":3.0440000955422875e-06,"tp_compute_time":0.0},"makespan":1085.6485595703125,"nodes_expanded":1233,"nodes_visited":26220,"solved":true}