{"Timer":{"mp_compute_time":2.7269993552181404e-06,"s_compute_time":6.999925972195342e-09,"ta_compute_time":5.770007192040794e-07,"total_compute_time":3.311000000394415e-06,"tp_compute_time":0.0},"makespan":4851.9482421875,"nodes_expanded":23,"nodes_visited":2530,"solved":true}