{"Timer":{"mp_compute_time":1.9599995937369386e-07,"s_compute_time":2.00003569261753e-09,"ta_compute_time":7.000000135093387e-09,"total_compute_time":2.049999920927803e-07,"tp_compute_time":0.0},"makespan":2087.648193359375,"nodes_expanded":17,"nodes_visited":816,"solved":true}