{"Timer":{"mp_compute_time":2.3399999804496474e-07,"s_compute_time":2.0000072709080996e-09,"ta_compute_time":1.999999943436137e-09,"total_compute_time":2.3800001258678094e-07,"tp_compute_time":0.0},"makespan":2239.583740234375,"nodes_expanded":13,"nodes_visited":468,"solved":true}