{"Timer":{"mp_compute_time":1.2520000609583803e-06,"s_compute_time":1.999978849198669e-09,"ta_compute_time":2.629999471537303e-07,"total_compute_time":1.5169999869613093e-06,"tp_compute_time":0.0},"makespan":4821.80224609375,"nodes_expanded":20,"nodes_visited":2280,"solved":true}