{"Timer":{"mp_compute_time":5.210001745581394e-07,"s_compute_time":1.9998083189420868e-09,"ta_compute_time":2.56000021181535e-07,"total_compute_time":7.790000040586165e-07,"tp_compute_time":0.0},"makespan":1837.8868408203125,"nodes_expanded":17,"nodes_visited":816,"solved":true}