{"Timer":{"mp_compute_time":2.639999650000391e-07,"s_compute_time":1.000017846308765e-09,"ta_compute_time":6.300001587078441e-08,"total_compute_time":3.2799999871713226e-07,"tp_compute_time":0.0},"makespan":1307.841552734375,"nodes_expanded":20,"nodes_visited":511,"solved":true}