{"Timer":{"mp_compute_time":1.8999995177182427e-07,"s_compute_time":1.0000462680181954e-09,"ta_compute_time":1.4999999464748726e-08,"total_compute_time":2.0599999572823435e-07,"tp_compute_time":0.0},"makespan":2068.154052734375,"nodes_expanded":17,"nodes_visited":1632,"solved":true}