{"Timer":{"mp_compute_time":3.5200005754632e-07,"s_compute_time":0.0,"ta_compute_time":4.0999935890795314e-08,"total_compute_time":3.9299999343711534e-07,"tp_compute_time":0.0},"makespan":2027.751708984375,"nodes_expanded":13,"nodes_visited":468,"solved":true}