{"Timer":{"mp_compute_time":4.820000185645767e-07,"s_compute_time":-5.684341886080802e-14,"ta_compute_time":1.2900005685878568e-07,"total_compute_time":6.110000185799436e-07,"tp_compute_time":0.0},"makespan":1010.7929077148438,"nodes_expanded":17,"nodes_visited":1632,"solved":true}