{"Timer":{"mp_compute_time":4.870000225309923e-07,"s_compute_time":-5.684341886080802e-14,"ta_compute_time":1.3300001455718302e-07,"total_compute_time":6.199999802447564e-07,"tp_compute_time":0.0},"makespan":1010.7332763671875,"nodes_expanded":18,"nodes_visited":1643,"solved":true}