{"Timer":{"mp_compute_time":4.528997123998124e-06,"s_compute_time":1.172989868791774e-06,"ta_compute_time":2.0660127120208926e-06,"total_compute_time":7.76799970481079e-06,"tp_compute_time":0.0},"makespan":4851.72998046875,"nodes_expanded":30,"nodes_visited":4785,"solved":true}