{"Timer":{"mp_compute_time":1.6589999631833052e-06,"s_compute_time":4.000185072072782e-09,"ta_compute_time":3.4699974094110075e-07,"total_compute_time":2.0099998891964788e-06,"tp_compute_time":0.0},"makespan":1716.86865234375,"nodes_expanded":51,"nodes_visited":1430,"solved":true}