{"Timer":{"mp_compute_time":6.730000450261286e-07,"s_compute_time":9.999325811804738e-10,"ta_compute_time":1.5200004099824582e-07,"total_compute_time":8.260000186055549e-07,"tp_compute_time":0.0},"makespan":1055.259521484375,"nodes_expanded":19,"nodes_visited":1808,"solved":true}