{"Timer":{"mp_compute_time":3.6000000136482413e-07,"s_compute_time":5.999993391014868e-09,"ta_compute_time":2.5000000292152436e-08,"total_compute_time":3.9099998616620724e-07,"tp_compute_time":0.0},"makespan":5468.5029296875,"nodes_expanded":20,"nodes_visited":2280,"solved":true}