{"Timer":{"mp_compute_time":4.590000344251166e-07,"s_compute_time":9.999610028899042e-10,"ta_compute_time":1.479999980347202e-07,"total_compute_time":6.079999934627267e-07,"tp_compute_time":0.0},"makespan":5279.69677734375,"nodes_expanded":19,"nodes_visited":1710,"solved":true}