{"Timer":{"mp_compute_time":9.340000701740792e-07,"s_compute_time":3.0000251172168646e-09,"ta_compute_time":1.8299988369108178e-07,"total_compute_time":1.1199999789823778e-06,"tp_compute_time":0.0},"makespan":2674.435302734375,"nodes_expanded":17,"nodes_visited":816,"solved":true}