{"Timer":{"mp_compute_time":2.7599998020377825e-07,"s_compute_time":0.0,"ta_compute_time":3.190000370523194e-07,"total_compute_time":5.950000172560976e-07,"tp_compute_time":0.0},"makespan":1152.4671630859375,"nodes_expanded":195,"nodes_visited":7556,"solved":true}