{"Timer":{"mp_compute_time":3.140000046641944e-07,"s_compute_time":1.000017846308765e-09,"ta_compute_time":2.6999970259566908e-08,"total_compute_time":3.419999927700701e-07,"tp_compute_time":0.0},"makespan":1121.7421875,"nodes_expanded":14,"nodes_visited":474,"solved":true}