{"Timer":{"mp_compute_time":2.989999927649478e-07,"s_compute_time":2.999996695507434e-09,"ta_compute_time":6.000000052353016e-09,"total_compute_time":3.079999828514701e-07,"tp_compute_time":0.0},"makespan":2915.2265625,"nodes_expanded":17,"nodes_visited":816,"solved":true}