{"Timer":{"mp_compute_time":8.93999981599336e-07,"s_compute_time":8.000029083632398e-09,"ta_compute_time":5.200000074978561e-08,"total_compute_time":9.540000291963224e-07,"tp_compute_time":0.0},"makespan":10136.638671875,"nodes_expanded":27,"nodes_visited":3861,"solved":true}