{"Timer":{"mp_compute_time":1.376000341224426e-06,"s_compute_time":-1.1368683772161603e-13,"ta_compute_time":1.3999976999912178e-07,"total_compute_time":1.51599999753671e-06,"tp_compute_time":0.0},"makespan":2652.598388671875,"nodes_expanded":17,"nodes_visited":1632,"solved":true}