{"Timer":{"mp_compute_time":2.9949992494948674e-06,"s_compute_time":4.999947122996673e-09,"ta_compute_time":6.010006927681388e-07,"total_compute_time":3.600999889386003e-06,"tp_compute_time":0.0},"makespan":4851.7802734375,"nodes_expanded":23,"nodes_visited":2530,"solved":true}