{"Timer":{"mp_compute_time":5.083998075861018e-06,"s_compute_time":8.219940355047584e-07,"ta_compute_time":1.7510083125671372e-06,"total_compute_time":7.657000423932914e-06,"tp_compute_time":0.0},"makespan":4863.77685546875,"nodes_expanded":30,"nodes_visited":3569,"solved":true}