{"Timer":{"mp_compute_time":3.079999828514701e-07,"s_compute_time":0.0,"ta_compute_time":2.700002710298577e-08,"total_compute_time":3.350000099544559e-07,"tp_compute_time":0.0},"makespan":1130.4783935546875,"nodes_expanded":13,"nodes_visited":468,"solved":true}