{"Timer":{"mp_compute_time":8.439999987785995e-07,"s_compute_time":0.0,"ta_compute_time":2.6999998681276338e-08,"total_compute_time":8.709999974598759e-07,"tp_compute_time":0.0},"makespan":1152.031005859375,"nodes_expanded":13,"nodes_visited":468,"solved":true}