{"Timer":{"mp_compute_time":1.2499999968440534e-07,"s_compute_time":1.0000036354540498e-09,"ta_compute_time":1.999999943436137e-09,"total_compute_time":1.2799999637991277e-07,"tp_compute_time":0.0},"makespan":1618.830078125,"nodes_expanded":13,"nodes_visited":468,"solved":true}