{"Timer":{"mp_compute_time":7.980002010299359e-07,"s_compute_time":-1.1368683772161603e-13,"ta_compute_time":1.8499986254028045e-07,"total_compute_time":9.829999498833786e-07,"tp_compute_time":0.0},"makespan":1150.0328369140625,"nodes_expanded":27,"nodes_visited":2105,"solved":true}