{"Timer":{"mp_compute_time":1.416000031895237e-06,"s_compute_time":1.0000007932831068e-08,"ta_compute_time":7.500000265281415e-08,"total_compute_time":1.5010000424808823e-06,"tp_compute_time":0.0},"makespan":6941.0517578125,"nodes_expanded":30,"nodes_visited":4785,"solved":true}