{"Timer":{"mp_compute_time":8.990000992525893e-07,"s_compute_time":9.999325811804738e-10,"ta_compute_time":1.3199996828916483e-07,"total_compute_time":1.0320000001229346e-06,"tp_compute_time":0.0},"makespan":1628.54443359375,"nodes_expanded":17,"nodes_visited":1632,"solved":true}