{"Timer":{"mp_compute_time":5.58000124328828e-07,"s_compute_time":2.999911430379143e-09,"ta_compute_time":2.519999497962999e-07,"total_compute_time":8.12999985555507e-07,"tp_compute_time":0.0},"makespan":1698.61083984375,"nodes_expanded":20,"nodes_visited":831,"solved":true}