{"Timer":{"mp_compute_time":2.20199990508263e-06,"s_compute_time":9.999894245993346e-09,"ta_compute_time":2.8200020096846856e-07,"total_compute_time":2.494000000297092e-06,"tp_compute_time":0.0},"makespan":2094.2158203125,"nodes_expanded":26,"nodes_visited":878,"solved":true}