{
  "Timer": {
    "mp_compute_time": 1.399999831619425e-07,
    "s_compute_time": 1.4210854715202004e-14,
    "ta_compute_time": 9.99999993922529e-09,
    "total_compute_time": 1.4999999109477358e-07,
    "tp_compute_time": 0.0
  },
  "makespan": 5131.32421875,
  "nodes_expanded": 16,
  "nodes_visited": 1320,
  "solved": true
}