{"Timer":{"mp_compute_time":3.294999260106124e-06,"s_compute_time":5.000174496672116e-09,"ta_compute_time":4.1100065573118627e-07,"total_compute_time":3.7110000903339824e-06,"tp_compute_time":0.0},"makespan":1897.434326171875,"nodes_expanded":45,"nodes_visited":1356,"solved":true}