{"Timer":{"mp_compute_time":6.880000569253752e-07,"s_compute_time":9.999325811804738e-10,"ta_compute_time":2.3600000531587284e-07,"total_compute_time":9.249999948224286e-07,"tp_compute_time":0.0},"makespan":2391.701171875,"nodes_expanded":19,"nodes_visited":826,"solved":true}