{"Timer":{"mp_compute_time":1.202000021294225e-06,"s_compute_time":2.9999682737980038e-09,"ta_compute_time":1.419999762219959e-07,"total_compute_time":1.346999965790019e-06,"tp_compute_time":0.0},"makespan":2516.495361328125,"nodes_expanded":17,"nodes_visited":1632,"solved":true}