{"Timer":{"mp_compute_time":9.180001825370709e-07,"s_compute_time":1.9998651623609476e-09,"ta_compute_time":3.16999944516283e-07,"total_compute_time":1.2369999922157149e-06,"tp_compute_time":0.0},"makespan":2153.715087890625,"nodes_expanded":25,"nodes_visited":967,"solved":true}