{"Timer":{"mp_compute_time":9.940000609276467e-07,"s_compute_time":2.999854586960282e-09,"ta_compute_time":2.640000502651674e-07,"total_compute_time":1.2609999657797744e-06,"tp_compute_time":0.0},"makespan":2615.261962890625,"nodes_expanded":17,"nodes_visited":816,"solved":true}