{"Timer":{"mp_compute_time":2.8139993446529843e-06,"s_compute_time":1.0002167982747778e-09,"ta_compute_time":1.970004177564988e-07,"total_compute_time":3.011999979207758e-06,"tp_compute_time":0.0},"makespan":1125.99609375,"nodes_expanded":28,"nodes_visited":2219,"solved":true}