{"Timer":{"mp_compute_time":8.730001468393311e-07,"s_compute_time":9.99875737761613e-10,"ta_compute_time":1.4999994846220943e-07,"total_compute_time":1.0239999710393022e-06,"tp_compute_time":0.0},"makespan":1101.94921875,"nodes_expanded":19,"nodes_visited":1800,"solved":true}