{"Timer":{"mp_compute_time":1.3830002671966213e-06,"s_compute_time":1.999978849198669e-09,"ta_compute_time":3.529997911755345e-07,"total_compute_time":1.7380000372213544e-06,"tp_compute_time":0.0},"makespan":1317.0040283203125,"nodes_expanded":81,"nodes_visited":3363,"solved":true}