{"Timer":{"mp_compute_time":1.5670001403123024e-06,"s_compute_time":0.0,"ta_compute_time":4.5999854592082556e-08,"total_compute_time":1.612999994904385e-06,"tp_compute_time":0.0},"makespan":1386.2767333984375,"nodes_expanded":14,"nodes_visited":482,"solved":true}