{"Timer":{"mp_compute_time":4.057998921780381e-06,"s_compute_time":4.999947122996673e-09,"ta_compute_time":1.7400134311174043e-07,"total_compute_time":4.2370002120151184e-06,"tp_compute_time":0.0},"makespan":3377.734130859375,"nodes_expanded":17,"nodes_visited":816,"solved":true}