{"Timer":{"mp_compute_time":2.404999804639374e-06,"s_compute_time":7.0001533458707854e-09,"ta_compute_time":2.2200015337148216e-07,"total_compute_time":2.634000111356727e-06,"tp_compute_time":0.0},"makespan":4361.6220703125,"nodes_expanded":17,"nodes_visited":816,"solved":true}