{"Timer":{"mp_compute_time":1.5840001879041665e-06,"s_compute_time":5.9999365475960076e-09,"ta_compute_time":2.439999207126675e-07,"total_compute_time":1.83400004516443e-06,"tp_compute_time":0.0},"makespan":2051.298828125,"nodes_expanded":23,"nodes_visited":861,"solved":true}