{"Timer":{"mp_compute_time":8.740000225770927e-07,"s_compute_time":2.9999682737980038e-09,"ta_compute_time":1.999999943436137e-09,"total_compute_time":8.789999697000894e-07,"tp_compute_time":0.0},"makespan":2239.580810546875,"nodes_expanded":13,"nodes_visited":468,"solved":true}