{"Timer":{"mp_compute_time":9.330001375928987e-07,"s_compute_time":2.999854586960282e-09,"ta_compute_time":2.9399996037682286e-07,"total_compute_time":1.2299999525566818e-06,"tp_compute_time":0.0},"makespan":2113.319580078125,"nodes_expanded":18,"nodes_visited":852,"solved":true}