{"Timer":{"mp_compute_time":8.630001957499189e-07,"s_compute_time":4.999890279577812e-09,"ta_compute_time":1.3989997569296975e-06,"total_compute_time":2.266999899802613e-06,"tp_compute_time":0.0},"makespan":2036.227783203125,"nodes_expanded":284,"nodes_visited":6245,"solved":true}