{"Timer":{"mp_compute_time":2.779999590529769e-07,"s_compute_time":0.0,"ta_compute_time":2.360000621592917e-07,"total_compute_time":5.140000212122686e-07,"tp_compute_time":0.0},"makespan":1325.07666015625,"nodes_expanded":167,"nodes_visited":2153,"solved":true}