{"Timer":{"mp_compute_time":1.2840000636060722e-06,"s_compute_time":0.0,"ta_compute_time":2.5999952413258143e-08,"total_compute_time":1.3100000160193304e-06,"tp_compute_time":0.0},"makespan":1138.0029296875,"nodes_expanded":13,"nodes_visited":468,"solved":true}