{"Timer":{"mp_compute_time":7.920000371086644e-07,"s_compute_time":1.9999220057798084e-09,"ta_compute_time":2.2600005422646063e-07,"total_compute_time":1.0200000133409048e-06,"tp_compute_time":0.0},"makespan":1489.571533203125,"nodes_expanded":28,"nodes_visited":938,"solved":true}