{"Timer":{"mp_compute_time":2.170000016121776e-06,"s_compute_time":0.0,"ta_compute_time":1.280000105907675e-07,"total_compute_time":2.2980000267125433e-06,"tp_compute_time":0.0},"makespan":1134.26220703125,"nodes_expanded":17,"nodes_visited":1632,"solved":true}