{"Timer":{"mp_compute_time":2.56999925341006e-07,"s_compute_time":0.0,"ta_compute_time":5.90000865940965e-08,"total_compute_time":3.160000119351025e-07,"tp_compute_time":0.0},"makespan":1572.5462646484375,"nodes_expanded":13,"nodes_visited":468,"solved":true}