{"Timer":{"mp_compute_time":4.540000588804105e-07,"s_compute_time":9.999894245993346e-10,"ta_compute_time":6.099995175645745e-08,"total_compute_time":5.160000000614673e-07,"tp_compute_time":0.0},"makespan":1632.8389892578125,"nodes_expanded":13,"nodes_visited":468,"solved":true}