{"Timer":{"mp_compute_time":5.300997599988477e-06,"s_compute_time":1.3879885045753326e-06,"ta_compute_time":0.00021755900525022298,"total_compute_time":0.000224247996811755,"tp_compute_time":0.0},"makespan":4853.875,"nodes_expanded":27097,"nodes_visited":408485,"solved":true}