{"Timer":{"mp_compute_time":2.052999889201601e-06,"s_compute_time":3.999730324721895e-09,"ta_compute_time":2.8000044949294534e-07,"total_compute_time":2.3370000690192683e-06,"tp_compute_time":0.0},"makespan":2398.9501953125,"nodes_expanded":17,"nodes_visited":816,"solved":true}