{"Timer":{"mp_compute_time":3.0900005754119775e-07,"s_compute_time":0.0,"ta_compute_time":2.529999676426087e-07,"total_compute_time":5.620000251838064e-07,"tp_compute_time":0.0},"makespan":1084.859375,"nodes_expanded":106,"nodes_visited":2565,"solved":true}