{"Timer":{"mp_compute_time":7.620001838404278e-07,"s_compute_time":1.9999220057798084e-09,"ta_compute_time":2.2899985197000206e-07,"total_compute_time":9.929999578162096e-07,"tp_compute_time":0.0},"makespan":2752.86865234375,"nodes_expanded":17,"nodes_visited":816,"solved":true}