{"Timer":{"mp_compute_time":8.400000410802022e-07,"s_compute_time":0.0,"ta_compute_time":2.4299998813148704e-07,"total_compute_time":1.0830000292116893e-06,"tp_compute_time":0.0},"makespan":1276.4876708984375,"nodes_expanded":141,"nodes_visited":2029,"solved":true}