{"Timer":{"mp_compute_time":4.4000003640576324e-07,"s_compute_time":2.0000072709080996e-09,"ta_compute_time":6.099998017816688e-08,"total_compute_time":5.030000238548382e-07,"tp_compute_time":0.0},"makespan":1631.712646484375,"nodes_expanded":17,"nodes_visited":478,"solved":true}