{"Timer":{"mp_compute_time":7.86000271091325e-07,"s_compute_time":-2.2737367544323206e-13,"ta_compute_time":2.2399996169042424e-07,"total_compute_time":1.0100000054080738e-06,"tp_compute_time":0.0},"makespan":2808.89208984375,"nodes_expanded":17,"nodes_visited":816,"solved":true}