{"Timer":{"mp_compute_time":8.259999617621361e-07,"s_compute_time":0.0,"ta_compute_time":9.560001217323588e-07,"total_compute_time":1.782000026651076e-06,"tp_compute_time":0.0},"makespan":1170.8740234375,"nodes_expanded":653,"nodes_visited":21884,"solved":true}