{"Timer":{"mp_compute_time":9.8099997103418e-07,"s_compute_time":0.0,"ta_compute_time":6.300001587078441e-08,"total_compute_time":1.0439999869049643e-06,"tp_compute_time":0.0},"makespan":1926.2296142578125,"nodes_expanded":13,"nodes_visited":468,"solved":true}