{"Timer":{"mp_compute_time":1.4930002407709253e-06,"s_compute_time":6.9998122853576206e-09,"ta_compute_time":2.7199996566196205e-07,"total_compute_time":1.772000018718245e-06,"tp_compute_time":0.0},"makespan":1517.412109375,"nodes_expanded":26,"nodes_visited":946,"solved":true}