{"Timer":{"mp_compute_time":6.310000912890246e-07,"s_compute_time":-1.1368683772161603e-13,"ta_compute_time":1.3000004628338502e-07,"total_compute_time":7.610000238855719e-07,"tp_compute_time":0.0},"makespan":2077.120849609375,"nodes_expanded":17,"nodes_visited":1632,"solved":true}