{"Timer":{"mp_compute_time":1.6770001138866064e-06,"s_compute_time":2.9999682737980038e-09,"ta_compute_time":2.479999920979026e-07,"total_compute_time":1.928000074258307e-06,"tp_compute_time":0.0},"makespan":3771.87158203125,"nodes_expanded":17,"nodes_visited":816,"solved":true}