{"Timer":{"mp_compute_time":8.190002063201973e-07,"s_compute_time":2.9997977435414214e-09,"ta_compute_time":2.520000066397188e-07,"total_compute_time":1.0740000107034575e-06,"tp_compute_time":0.0},"makespan":2131.060791015625,"nodes_expanded":31,"nodes_visited":903,"solved":true}