{"Timer":{"mp_compute_time":2.789999768992857e-07,"s_compute_time":0.0,"ta_compute_time":2.760000086254877e-07,"total_compute_time":5.549999855247734e-07,"tp_compute_time":0.0},"makespan":1306.212158203125,"nodes_expanded":196,"nodes_visited":2386,"solved":true}