{"Timer":{"mp_compute_time":1.4910003756085644e-06,"s_compute_time":6.9998122853576206e-09,"ta_compute_time":9.879998970063752e-07,"total_compute_time":2.4860000849002972e-06,"tp_compute_time":0.0},"makespan":1766.2178955078125,"nodes_expanded":185,"nodes_visited":3719,"solved":true}