{"Timer":{"mp_compute_time":6.36000152098859e-07,"s_compute_time":9.99875737761613e-10,"ta_compute_time":1.4999994846220943e-07,"total_compute_time":7.8699997629883e-07,"tp_compute_time":0.0},"makespan":1111.821533203125,"nodes_expanded":21,"nodes_visited":1818,"solved":true}