{"Timer":{"mp_compute_time":3.2700003771424235e-07,"s_compute_time":0.0,"ta_compute_time":2.5999952413258143e-08,"total_compute_time":3.529999901275005e-07,"tp_compute_time":0.0},"makespan":1471.4442138671875,"nodes_expanded":13,"nodes_visited":468,"solved":true}