{"Timer":{"mp_compute_time":4.260000423528254e-07,"s_compute_time":1.9999504274892388e-09,"ta_compute_time":1.4999999464748726e-08,"total_compute_time":4.4300000467956124e-07,"tp_compute_time":0.0},"makespan":2676.55322265625,"nodes_expanded":17,"nodes_visited":1632,"solved":true}