{"Timer":{"mp_compute_time":3.7700002053497883e-07,"s_compute_time":1.000017846308765e-09,"ta_compute_time":6.599995572287298e-08,"total_compute_time":4.439999941041606e-07,"tp_compute_time":0.0},"makespan":1304.0301513671875,"nodes_expanded":17,"nodes_visited":497,"solved":true}