{"Timer":{"mp_compute_time":2.759999517820688e-07,"s_compute_time":0.0,"ta_compute_time":2.9000034373893868e-08,"total_compute_time":3.049999861559627e-07,"tp_compute_time":0.0},"makespan":1148.5640869140625,"nodes_expanded":15,"nodes_visited":514,"solved":true}