{"Timer":{"mp_compute_time":6.850000886515772e-07,"s_compute_time":1.999978849198669e-09,"ta_compute_time":1.339999471383635e-07,"total_compute_time":8.210000146391394e-07,"tp_compute_time":0.0},"makespan":1068.4010009765625,"nodes_expanded":18,"nodes_visited":1644,"solved":true}