{"Timer":{"mp_compute_time":3.130000152395951e-07,"s_compute_time":0.0,"ta_compute_time":2.839999808657012e-07,"total_compute_time":5.969999961052963e-07,"tp_compute_time":0.0},"makespan":1113.468505859375,"nodes_expanded":162,"nodes_visited":5900,"solved":true}