{"Timer":{"mp_compute_time":2.6799995112014585e-07,"s_compute_time":0.0,"ta_compute_time":2.50000482537871e-08,"total_compute_time":2.9299999937393295e-07,"tp_compute_time":0.0},"makespan":1153.36962890625,"nodes_expanded":13,"nodes_visited":468,"solved":true}