{"Timer":{"mp_compute_time":2.379999699542168e-07,"s_compute_time":3.00003932807158e-09,"ta_compute_time":7.000000135093387e-09,"total_compute_time":2.48000020519612e-07,"tp_compute_time":0.0},"makespan":2728.91845703125,"nodes_expanded":17,"nodes_visited":816,"solved":true}