{"Timer":{"mp_compute_time":2.76999998050087e-07,"s_compute_time":2.999996695507434e-09,"ta_compute_time":1.999999943436137e-09,"total_compute_time":2.8200000201650255e-07,"tp_compute_time":0.0},"makespan":1640.572509765625,"nodes_expanded":13,"nodes_visited":468,"solved":true}