{"Timer":{"mp_compute_time":3.442997922320501e-06,"s_compute_time":6.999925972195342e-09,"ta_compute_time":5.0820017349906266e-06,"total_compute_time":8.531999810656998e-06,"tp_compute_time":0.0},"makespan":4844.7568359375,"nodes_expanded":686,"nodes_visited":17224,"solved":true}