{"Timer":{"mp_compute_time":1.310000129706168e-06,"s_compute_time":1.1368683772161603e-13,"ta_compute_time":1.5299974620575085e-07,"total_compute_time":1.4629999895987567e-06,"tp_compute_time":0.0},"makespan":1123.3875732421875,"nodes_expanded":19,"nodes_visited":1800,"solved":true}