{"Timer":{"mp_compute_time":3.410000317671802e-07,"s_compute_time":2.0000072709080996e-09,"ta_compute_time":1.0799996630339592e-07,"total_compute_time":4.510000053414842e-07,"tp_compute_time":0.0},"makespan":1173.2476806640625,"nodes_expanded":67,"nodes_visited":2462,"solved":true}