{"Timer":{"mp_compute_time":6.510001071546867e-07,"s_compute_time":9.99875737761613e-10,"ta_compute_time":1.6199999208765803e-07,"total_compute_time":8.139999749801063e-07,"tp_compute_time":0.0},"makespan":1111.1751708984375,"nodes_expanded":21,"nodes_visited":1943,"solved":true}