{"Timer":{"mp_compute_time":3.5299996170579107e-07,"s_compute_time":0.0,"ta_compute_time":3.000005222020263e-08,"total_compute_time":3.830000139259937e-07,"tp_compute_time":0.0},"makespan":1505.0665283203125,"nodes_expanded":13,"nodes_visited":468,"solved":true}