{"Timer":{"mp_compute_time":4.6899992867110996e-07,"s_compute_time":5.000060809834395e-09,"ta_compute_time":7.000000135093387e-09,"total_compute_time":4.809999722965586e-07,"tp_compute_time":0.0},"makespan":2139.461181640625,"nodes_expanded":17,"nodes_visited":816,"solved":true}