{"Timer":{"mp_compute_time":1.8590002355267643e-06,"s_compute_time":9.999894245993346e-10,"ta_compute_time":1.319998546023271e-07,"total_compute_time":1.9920000795536907e-06,"tp_compute_time":0.0},"makespan":1079.4766845703125,"nodes_expanded":17,"nodes_visited":1632,"solved":true}