{"Timer":{"mp_compute_time":1.5500004337809514e-06,"s_compute_time":2.3619772946403828e-06,"ta_compute_time":1.7290221876464784e-06,"total_compute_time":5.640999916067813e-06,"tp_compute_time":0.0},"makespan":4841.744140625,"nodes_expanded":28,"nodes_visited":4158,"solved":true}