{"Timer":{"mp_compute_time":4.870000793744111e-07,"s_compute_time":-1.1368683772161603e-13,"ta_compute_time":2.710000330807816e-07,"total_compute_time":7.57999998768355e-07,"tp_compute_time":0.0},"makespan":2016.2353515625,"nodes_expanded":21,"nodes_visited":841,"solved":true}