{"Timer":{"mp_compute_time":1.3810002883474226e-06,"s_compute_time":1.0999769983754959e-08,"ta_compute_time":9.583000064594671e-06,"total_compute_time":1.0974999895552173e-05,"tp_compute_time":0.0},"makespan":2017.8919677734375,"nodes_expanded":2613,"nodes_visited":43219,"solved":true}