{"Timer":{"mp_compute_time":9.709999631013488e-07,"s_compute_time":1.999978849198669e-09,"ta_compute_time":1.850000899139559e-07,"total_compute_time":1.1580000318645034e-06,"tp_compute_time":0.0},"makespan":2324.144287109375,"nodes_expanded":17,"nodes_visited":816,"solved":true}