{"Timer":{"mp_compute_time":7.680001203880238e-07,"s_compute_time":3.9999008549784776e-09,"ta_compute_time":2.450000238241046e-07,"total_compute_time":1.0170000450671068e-06,"tp_compute_time":0.0},"makespan":3303.033447265625,"nodes_expanded":17,"nodes_visited":816,"solved":true}