{"Timer":{"mp_compute_time":2.22499988922209e-06,"s_compute_time":1.999978849198669e-09,"ta_compute_time":1.2700002116616815e-07,"total_compute_time":2.353999889237457e-06,"tp_compute_time":0.0},"makespan":1149.31787109375,"nodes_expanded":17,"nodes_visited":1632,"solved":true}