{"Timer":{"mp_compute_time":8.570002592023229e-07,"s_compute_time":1.9998651623609476e-09,"ta_compute_time":2.379998704782338e-07,"total_compute_time":1.0969999948429177e-06,"tp_compute_time":0.0},"makespan":1986.3692626953125,"nodes_expanded":17,"nodes_visited":816,"solved":true}