{"Timer":{"mp_compute_time":1.396000016029575e-06,"s_compute_time":9.99875737761613e-10,"ta_compute_time":1.3700014278583694e-07,"total_compute_time":1.5340000345531735e-06,"tp_compute_time":0.0},"makespan":1634.216552734375,"nodes_expanded":17,"nodes_visited":1632,"solved":true}