{"Timer":{"mp_compute_time":2.2099993657320738e-07,"s_compute_time":3.0000677497810102e-09,"ta_compute_time":6.000000052353016e-09,"total_compute_time":2.3000001192485797e-07,"tp_compute_time":0.0},"makespan":3027.267822265625,"nodes_expanded":17,"nodes_visited":816,"solved":true}