{"Timer":{"mp_compute_time":1.580999992256693e-06,"s_compute_time":9.99875737761613e-10,"ta_compute_time":1.360001533612376e-07,"total_compute_time":1.7180000213556923e-06,"tp_compute_time":0.0},"makespan":1082.3804931640625,"nodes_expanded":18,"nodes_visited":1656,"solved":true}