{"Timer":{"mp_compute_time":6.930001177352096e-07,"s_compute_time":9.99875737761613e-10,"ta_compute_time":1.390000079481979e-07,"total_compute_time":8.330000014211691e-07,"tp_compute_time":0.0},"makespan":2397.03466796875,"nodes_expanded":17,"nodes_visited":1632,"solved":true}