{"Timer":{"mp_compute_time":8.990000424091704e-07,"s_compute_time":0.0,"ta_compute_time":2.1999937871441944e-08,"total_compute_time":9.209999802806124e-07,"tp_compute_time":0.0},"makespan":2229.835693359375,"nodes_expanded":13,"nodes_visited":468,"solved":true}