{"Timer":{"mp_compute_time":2.422999614282162e-06,"s_compute_time":2.9999682737980038e-09,"ta_compute_time":1.3100043361191638e-07,"total_compute_time":2.5570000161678763e-06,"tp_compute_time":0.0},"makespan":1126.60693359375,"nodes_expanded":17,"nodes_visited":1632,"solved":true}