{"Timer":{"mp_compute_time":1.969999487982932e-07,"s_compute_time":2.000049903472245e-09,"ta_compute_time":6.000000052353016e-09,"total_compute_time":2.049999920927803e-07,"tp_compute_time":0.0},"makespan":3044.937744140625,"nodes_expanded":17,"nodes_visited":816,"solved":true}