{"Timer":{"mp_compute_time":4.336997335485648e-06,"s_compute_time":1.2119885468564462e-06,"ta_compute_time":2.1170139916648623e-06,"total_compute_time":7.665999874006957e-06,"tp_compute_time":0.0},"makespan":4874.3203125,"nodes_expanded":30,"nodes_visited":4785,"solved":true}