{"Timer":{"mp_compute_time":3.457998900557868e-06,"s_compute_time":1.000444171950221e-09,"ta_compute_time":1.4700071915285662e-07,"total_compute_time":3.606000063882675e-06,"tp_compute_time":0.0},"makespan":2660.115966796875,"nodes_expanded":17,"nodes_visited":1632,"solved":true}