{"Timer":{"mp_compute_time":1.0350000820835703e-06,"s_compute_time":2.9999682737980038e-09,"ta_compute_time":2.6699990485212766e-07,"total_compute_time":1.304999955209496e-06,"tp_compute_time":0.0},"makespan":2350.371826171875,"nodes_expanded":18,"nodes_visited":846,"solved":true}