{"Timer":{"mp_compute_time":6.000000212225132e-07,"s_compute_time":2.9999682737980038e-09,"ta_compute_time":6.000000052353016e-09,"total_compute_time":6.08999982887326e-07,"tp_compute_time":0.0},"makespan":2129.939208984375,"nodes_expanded":17,"nodes_visited":816,"solved":true}