{"Timer":{"mp_compute_time":6.300001018644252e-07,"s_compute_time":2.999911430379143e-09,"ta_compute_time":1.2900000001536682e-07,"total_compute_time":7.620000133101712e-07,"tp_compute_time":0.0},"makespan":1116.8319091796875,"nodes_expanded":17,"nodes_visited":1632,"solved":true}