{"Timer":{"mp_compute_time":8.040003081077884e-07,"s_compute_time":4.999833436158951e-09,"ta_compute_time":2.539998718020797e-07,"total_compute_time":1.0630000133460271e-06,"tp_compute_time":0.0},"makespan":1909.8485107421875,"nodes_expanded":18,"nodes_visited":834,"solved":true}