{"Timer":{"mp_compute_time":5.050000595474557e-07,"s_compute_time":-1.1368683772161603e-13,"ta_compute_time":1.2700007800958701e-07,"total_compute_time":6.32000023870205e-07,"tp_compute_time":0.0},"makespan":1052.8890380859375,"nodes_expanded":17,"nodes_visited":1632,"solved":true}