{"Timer":{"mp_compute_time":7.600001481478103e-07,"s_compute_time":4.999890279577812e-09,"ta_compute_time":4.94999937927787e-07,"total_compute_time":1.259999976355175e-06,"tp_compute_time":0.0},"makespan":1823.6861572265625,"nodes_expanded":132,"nodes_visited":2336,"solved":true}