{"Timer":{"mp_compute_time":2.7999999474559445e-07,"s_compute_time":2.0000072709080996e-09,"ta_compute_time":8.370000159629853e-07,"total_compute_time":1.1189999895577785e-06,"tp_compute_time":0.0},"makespan":1087.2200927734375,"nodes_expanded":403,"nodes_visited":9488,"solved":true}