{"Timer":{"mp_compute_time":1.3310001349964296e-06,"s_compute_time":9.999894245993346e-10,"ta_compute_time":1.5979998124748818e-06,"total_compute_time":2.9299999368959107e-06,"tp_compute_time":0.0},"makespan":1065.9774169921875,"nodes_expanded":740,"nodes_visited":16456,"solved":true}