{"Timer":{"mp_compute_time":2.7999999474559445e-07,"s_compute_time":0.0,"ta_compute_time":2.0800001720999717e-07,"total_compute_time":4.880000119555916e-07,"tp_compute_time":0.0},"makespan":1157.619873046875,"nodes_expanded":111,"nodes_visited":3904,"solved":true}