{"Timer":{"mp_compute_time":7.930001402201015e-07,"s_compute_time":2.999854586960282e-09,"ta_compute_time":2.0100003439438296e-07,"total_compute_time":9.970000292014447e-07,"tp_compute_time":0.0},"makespan":3502.683349609375,"nodes_expanded":17,"nodes_visited":816,"solved":true}