{"Timer":{"mp_compute_time":1.2050002169416985e-06,"s_compute_time":1.9998651623609476e-09,"ta_compute_time":1.5799992070242297e-07,"total_compute_time":1.3650000028064824e-06,"tp_compute_time":0.0},"makespan":1337.614013671875,"nodes_expanded":21,"nodes_visited":1895,"solved":true}