{"Timer":{"mp_compute_time":1.124000391428126e-06,"s_compute_time":1.3309829682839336e-06,"ta_compute_time":1.3540166037273593e-06,"total_compute_time":3.808999963439419e-06,"tp_compute_time":0.0},"makespan":7339.794921875,"nodes_expanded":27,"nodes_visited":3510,"solved":true}