{"Timer":{"mp_compute_time":6.020000000717118e-07,"s_compute_time":3.0000251172168646e-09,"ta_compute_time":1.4999999464748726e-08,"total_compute_time":6.200000370881753e-07,"tp_compute_time":0.0},"makespan":2103.864013671875,"nodes_expanded":17,"nodes_visited":1632,"solved":true}