{"Timer":{"mp_compute_time":1.9099998382898775e-07,"s_compute_time":1.000017846308765e-09,"ta_compute_time":3.000000026176508e-09,"total_compute_time":1.9499999837080395e-07,"tp_compute_time":0.0},"makespan":1726.1416015625,"nodes_expanded":13,"nodes_visited":468,"solved":true}