{"Timer":{"mp_compute_time":2.61999957729131e-07,"s_compute_time":0.0,"ta_compute_time":3.760000595320889e-07,"total_compute_time":6.380000172612199e-07,"tp_compute_time":0.0},"makespan":1172.15966796875,"nodes_expanded":211,"nodes_visited":7638,"solved":true}