{"Timer":{"mp_compute_time":3.4999996501028363e-07,"s_compute_time":0.0,"ta_compute_time":4.200003900223237e-08,"total_compute_time":3.92000004012516e-07,"tp_compute_time":0.0},"makespan":1684.4222412109375,"nodes_expanded":13,"nodes_visited":468,"solved":true}