{"Timer":{"mp_compute_time":3.229999947507167e-07,"s_compute_time":4.000014541816199e-09,"ta_compute_time":1.999999943436137e-09,"total_compute_time":3.29000016563441e-07,"tp_compute_time":0.0},"makespan":1988.5787353515625,"nodes_expanded":13,"nodes_visited":468,"solved":true}