{"Timer":{"mp_compute_time":7.580001124551927e-07,"s_compute_time":2.9999682737980038e-09,"ta_compute_time":1.8399992995909997e-07,"total_compute_time":9.450000106880907e-07,"tp_compute_time":0.0},"makespan":2706.4990234375,"nodes_expanded":17,"nodes_visited":816,"solved":true}