{"Timer":{"mp_compute_time":1.6099997424134926e-07,"s_compute_time":1.0000320571634802e-09,"ta_compute_time":1.999999943436137e-09,"total_compute_time":1.6399999935856613e-07,"tp_compute_time":0.0},"makespan":1327.394775390625,"nodes_expanded":13,"nodes_visited":468,"solved":true}