{"Timer":{"mp_compute_time":2.699999868127634e-07,"s_compute_time":9.999894245993346e-10,"ta_compute_time":1.4600001918552152e-07,"total_compute_time":4.1699999542288424e-07,"tp_compute_time":0.0},"makespan":1294.4197998046875,"nodes_expanded":73,"nodes_visited":1226,"solved":true}