{"Timer":{"mp_compute_time":2.599999504582229e-07,"s_compute_time":0.0,"ta_compute_time":6.800004825890937e-08,"total_compute_time":3.2799999871713226e-07,"tp_compute_time":0.0},"makespan":1630.28076171875,"nodes_expanded":19,"nodes_visited":510,"solved":true}