{"Timer":{"mp_compute_time":7.610001375724096e-07,"s_compute_time":5.999879704177147e-09,"ta_compute_time":2.610000251479505e-07,"total_compute_time":1.0280000424245372e-06,"tp_compute_time":0.0},"makespan":2108.743408203125,"nodes_expanded":18,"nodes_visited":832,"solved":true}