{"Timer":{"mp_compute_time":9.130000648838177e-07,"s_compute_time":9.999325811804738e-10,"ta_compute_time":1.309999788645655e-07,"total_compute_time":1.0449999763295637e-06,"tp_compute_time":0.0},"makespan":1632.1551513671875,"nodes_expanded":17,"nodes_visited":1632,"solved":true}