{"Timer":{"mp_compute_time":2.9500000664484105e-07,"s_compute_time":0.0,"ta_compute_time":4.699998612522904e-08,"total_compute_time":3.419999927700701e-07,"tp_compute_time":0.0},"makespan":1064.27490234375,"nodes_expanded":13,"nodes_visited":468,"solved":true}