{"Timer":{"mp_compute_time":8.999999749903509e-07,"s_compute_time":0.0,"ta_compute_time":2.8000044949294534e-08,"total_compute_time":9.280000199396454e-07,"tp_compute_time":0.0},"makespan":1931.4696044921875,"nodes_expanded":13,"nodes_visited":468,"solved":true}