{"Timer":{"mp_compute_time":3.8000001723048626e-07,"s_compute_time":3.999986120106769e-09,"ta_compute_time":7.000000135093387e-09,"total_compute_time":3.9100001458791667e-07,"tp_compute_time":0.0},"makespan":2374.1796875,"nodes_expanded":17,"nodes_visited":816,"solved":true}