{"Timer":{"mp_compute_time":3.8400003177230246e-07,"s_compute_time":0.0,"ta_compute_time":1.5399996300402563e-07,"total_compute_time":5.379999947763281e-07,"tp_compute_time":0.0},"makespan":4838.3359375,"nodes_expanded":19,"nodes_visited":1710,"solved":true}