{"Timer":{"mp_compute_time":1.459999907638121e-06,"s_compute_time":7.000039659033064e-09,"ta_compute_time":6.000000052353016e-09,"total_compute_time":1.4729999975315877e-06,"tp_compute_time":0.0},"makespan":4716.755859375,"nodes_expanded":17,"nodes_visited":816,"solved":true}