{"Timer":{"mp_compute_time":1.7460002936786623e-06,"s_compute_time":2.3019779291644227e-06,"ta_compute_time":1.7180218492285348e-06,"total_compute_time":5.765999958384782e-06,"tp_compute_time":0.0},"makespan":4841.76611328125,"nodes_expanded":28,"nodes_visited":4158,"solved":true}