{"Timer":{"mp_compute_time":1.493000354457763e-06,"s_compute_time":3.999844011559617e-09,"ta_compute_time":6.419996907425229e-07,"total_compute_time":2.1389998892118456e-06,"tp_compute_time":0.0},"makespan":1759.240234375,"nodes_expanded":110,"nodes_visited":2543,"solved":true}