{"Timer":{"mp_compute_time":2.2939998416404705e-06,"s_compute_time":9.999894245993346e-10,"ta_compute_time":1.3400017451203894e-07,"total_compute_time":2.429000005577109e-06,"tp_compute_time":0.0},"makespan":1939.5765380859375,"nodes_expanded":17,"nodes_visited":1632,"solved":true}