{"Timer":{"mp_compute_time":7.180001375672873e-07,"s_compute_time":2.9999682737980038e-09,"ta_compute_time":2.8299984933255473e-07,"total_compute_time":1.00399995517364e-06,"tp_compute_time":0.0},"makespan":2139.418701171875,"nodes_expanded":19,"nodes_visited":846,"solved":true}