{"Timer":{"mp_compute_time":2.929999709522235e-07,"s_compute_time":4.00004296352563e-09,"ta_compute_time":1.4999999464748726e-08,"total_compute_time":3.1200002581499575e-07,"tp_compute_time":0.0},"makespan":2778.6220703125,"nodes_expanded":17,"nodes_visited":1632,"solved":true}