{"Timer":{"mp_compute_time":1.8600002249513636e-06,"s_compute_time":9.99875737761613e-10,"ta_compute_time":1.3299995771376416e-07,"total_compute_time":1.9940000584028894e-06,"tp_compute_time":0.0},"makespan":1166.83056640625,"nodes_expanded":17,"nodes_visited":1632,"solved":true}