{"Timer":{"mp_compute_time":8.860001230459602e-07,"s_compute_time":4.999947122996673e-09,"ta_compute_time":5.119999855196511e-07,"total_compute_time":1.403000055688608e-06,"tp_compute_time":0.0},"makespan":2089.40478515625,"nodes_expanded":62,"nodes_visited":1847,"solved":true}