{"Timer":{"mp_compute_time":1.658000314819219e-06,"s_compute_time":6.9998122853576206e-09,"ta_compute_time":2.659999154275283e-07,"total_compute_time":1.931000042532105e-06,"tp_compute_time":0.0},"makespan":4821.642578125,"nodes_expanded":20,"nodes_visited":2280,"solved":true}