{"Timer":{"mp_compute_time":8.920001164369751e-07,"s_compute_time":6.999869128776481e-09,"ta_compute_time":2.470000595167221e-07,"total_compute_time":1.1460000450824737e-06,"tp_compute_time":0.0},"makespan":1947.7060546875,"nodes_expanded":17,"nodes_visited":816,"solved":true}