{"Timer":{"mp_compute_time":5.010001018490584e-07,"s_compute_time":3.9999008549784776e-09,"ta_compute_time":2.450000238241046e-07,"total_compute_time":7.500000265281415e-07,"tp_compute_time":0.0},"makespan":1487.92578125,"nodes_expanded":23,"nodes_visited":920,"solved":true}