{"Timer":{"mp_compute_time":2.82999934597683e-07,"s_compute_time":1.000017846308765e-09,"ta_compute_time":5.600006147687964e-08,"total_compute_time":3.400000139208714e-07,"tp_compute_time":0.0},"makespan":1376.3330078125,"nodes_expanded":24,"nodes_visited":548,"solved":true}