{"Timer":{"mp_compute_time":2.2029998945072293e-06,"s_compute_time":0.0,"ta_compute_time":1.3700014278583694e-07,"total_compute_time":2.3400000372930663e-06,"tp_compute_time":0.0},"makespan":1965.06787109375,"nodes_expanded":17,"nodes_visited":1632,"solved":true}