{"Timer":{"mp_compute_time":2.79999966323885e-07,"s_compute_time":0.0,"ta_compute_time":3.9000042306724936e-08,"total_compute_time":3.1900000863060995e-07,"tp_compute_time":0.0},"makespan":2373.268310546875,"nodes_expanded":13,"nodes_visited":468,"solved":true}