{"Timer":{"mp_compute_time":8.199992151958213e-08,"s_compute_time":0.0,"ta_compute_time":5.540000529435929e-07,"total_compute_time":6.359999815686024e-07,"tp_compute_time":0.0},"makespan":12.57426929473877,"nodes_expanded":27,"nodes_visited":4850,"solved":true}