{"Timer":{"mp_compute_time":2.099999996119095e-08,"s_compute_time":0.0,"ta_compute_time":2.000000165480742e-09,"total_compute_time":0.0,"tp_compute_time":-2.3000000126671694e-08},"makespan":14.074505805969238,"nodes_expanded":22,"nodes_visited":2835,"solved":true}