{"Timer":{"mp_compute_time":1.999999987845058e-08,"s_compute_time":0.0,"ta_compute_time":1.1999999216527613e-08,"total_compute_time":0.0,"tp_compute_time":-3.199999909497819e-08},"makespan":17.68511962890625,"nodes_expanded":24,"nodes_visited":3484,"solved":true}