{"Timer":{"mp_compute_time":1.0999996646887666e-07,"s_compute_time":9.999965300266922e-10,"ta_compute_time":2.19000042989137e-07,"total_compute_time":3.3000000598804036e-07,"tp_compute_time":0.0},"makespan":14.514811515808105,"nodes_expanded":19,"nodes_visited":2736,"solved":true}