{"Timer":{"mp_compute_time":9.499993325334799e-08,"s_compute_time":0.0,"ta_compute_time":3.0200007472558354e-07,"total_compute_time":3.9700000797893154e-07,"tp_compute_time":0.0},"makespan":19.858814239501953,"nodes_expanded":22,"nodes_visited":3003,"solved":true}