{"Timer":{"mp_compute_time":3.4999999343199306e-08,"s_compute_time":1.2000000992884452e-08,"ta_compute_time":4.083000021637417e-06,"total_compute_time":4.129999979340937e-06,"tp_compute_time":0.0},"makespan":12.404831886291504,"nodes_expanded":9826,"nodes_visited":87705,"solved":true}