{"Timer":{"mp_compute_time":7.199997753559728e-08,"s_compute_time":0.0,"ta_compute_time":6.100002281073102e-08,"total_compute_time":1.330000003463283e-07,"tp_compute_time":0.0},"makespan":12.673263549804688,"nodes_expanded":15,"nodes_visited":1304,"solved":true}