{"Timer":{"mp_compute_time":3.999999975690116e-08,"s_compute_time":0.0,"ta_compute_time":8.930000490181556e-07,"total_compute_time":9.33000023906061e-07,"tp_compute_time":0.0},"makespan":4.408612251281738,"nodes_expanded":187,"nodes_visited":9687,"solved":true}