{"Timer":{"mp_compute_time":2.099999996119095e-08,"s_compute_time":0.0,"ta_compute_time":1.999999987845058e-08,"total_compute_time":4.099999983964153e-08,"tp_compute_time":0.0},"makespan":2.3815526962280273,"nodes_expanded":12,"nodes_visited":754,"solved":true}