{"Timer":{"mp_compute_time":1.359999686201263e-07,"s_compute_time":0.0,"ta_compute_time":8.20000281009925e-08,"total_compute_time":2.179999967211188e-07,"tp_compute_time":0.0},"makespan":12.713523864746094,"nodes_expanded":19,"nodes_visited":1545,"solved":true}