{"Timer":{"mp_compute_time":3.199999909497819e-08,"s_compute_time":0.0,"ta_compute_time":1.0099999769863643e-07,"total_compute_time":1.330000003463283e-07,"tp_compute_time":0.0},"makespan":5.874449729919434,"nodes_expanded":66,"nodes_visited":1159,"solved":true}