{"Timer":{"mp_compute_time":9.499997588591214e-08,"s_compute_time":2.000000165480742e-09,"ta_compute_time":3.600002429493543e-08,"total_compute_time":1.330000003463283e-07,"tp_compute_time":0.0},"makespan":6.161618232727051,"nodes_expanded":12,"nodes_visited":924,"solved":true}