{"Timer":{"mp_compute_time":1.3000000187446403e-08,"s_compute_time":0.0,"ta_compute_time":-3.000000248221113e-09,"total_compute_time":9.99999993922529e-09,"tp_compute_time":0.0},"makespan":6.378420352935791,"nodes_expanded":16,"nodes_visited":1440,"solved":true}