{"Timer":{"mp_compute_time":1.799999971296984e-08,"s_compute_time":1.000000082740371e-09,"ta_compute_time":-1.2999999299267984e-08,"total_compute_time":6.000000496442226e-09,"tp_compute_time":0.0},"makespan":18.853717803955078,"nodes_expanded":14,"nodes_visited":508,"solved":true}