{"Timer":{"mp_compute_time":3.999999886872274e-09,"s_compute_time":0.0,"ta_compute_time":-3.999999886872274e-09,"total_compute_time":0.0,"tp_compute_time":0.0},"makespan":2.8617069721221924,"nodes_expanded":5,"nodes_visited":48,"solved":true}