{"Timer":{"mp_compute_time":7.599998497198612e-08,"s_compute_time":1.0000036354540498e-09,"ta_compute_time":6.800001273177259e-08,"total_compute_time":1.4500000133921276e-07,"tp_compute_time":0.0},"makespan":13.076292037963867,"nodes_expanded":15,"nodes_visited":1374,"solved":true}