{"Timer":{"mp_compute_time":6.09999943890216e-08,"s_compute_time":2.0000072709080996e-09,"ta_compute_time":-3.899999967416079e-08,"total_compute_time":2.4000001985768904e-08,"tp_compute_time":0.0},"makespan":14.936300277709961,"nodes_expanded":20,"nodes_visited":2564,"solved":true}