{"Timer":{"mp_compute_time":4.800000041882413e-08,"s_compute_time":0.0,"ta_compute_time":1.239999960489513e-07,"total_compute_time":1.720000000204891e-07,"tp_compute_time":0.0},"makespan":12.600419998168945,"nodes_expanded":20,"nodes_visited":2160,"solved":true}