{"Timer":{"mp_compute_time":6.299998744907498e-08,"s_compute_time":0.0,"ta_compute_time":2.2900002250025864e-07,"total_compute_time":2.920000099493336e-07,"tp_compute_time":0.0},"makespan":12.867598533630371,"nodes_expanded":21,"nodes_visited":2880,"solved":true}