{"Timer":{"mp_compute_time":9.199995787412263e-08,"s_compute_time":1.0000107408814074e-09,"ta_compute_time":1.8600003670599108e-07,"total_compute_time":2.790000053209951e-07,"tp_compute_time":0.0},"makespan":12.266127586364746,"nodes_expanded":20,"nodes_visited":2554,"solved":true}