{"Timer":{"mp_compute_time":1.2599994647644053e-07,"s_compute_time":1.0000036354540498e-09,"ta_compute_time":9.500004694018571e-08,"total_compute_time":2.219999970520803e-07,"tp_compute_time":0.0},"makespan":12.353303909301758,"nodes_expanded":17,"nodes_visited":1558,"solved":true}