{"Timer":{"mp_compute_time":8.99999985648492e-09,"s_compute_time":0.0,"ta_compute_time":-5.999999608263806e-09,"total_compute_time":0.0,"tp_compute_time":-3.000000026176508e-09},"makespan":5.711520195007324,"nodes_expanded":10,"nodes_visited":630,"solved":true}