{"Timer":{"mp_compute_time":1.799999971296984e-08,"s_compute_time":2.000000165480742e-09,"ta_compute_time":-9.99999993922529e-09,"total_compute_time":9.99999993922529e-09,"tp_compute_time":0.0},"makespan":7.629694938659668,"nodes_expanded":14,"nodes_visited":1274,"solved":true}