{"Timer":{"mp_compute_time":2.800000054037355e-08,"s_compute_time":0.0,"ta_compute_time":1.2999999299267984e-08,"total_compute_time":4.099999983964153e-08,"tp_compute_time":0.0},"makespan":9.330606460571289,"nodes_expanded":11,"nodes_visited":275,"solved":true}