{"Timer":{"mp_compute_time":1.3000000187446403e-08,"s_compute_time":0.0,"ta_compute_time":1.1000000021965661e-08,"total_compute_time":2.4000000209412065e-08,"tp_compute_time":0.0},"makespan":5.62472677230835,"nodes_expanded":18,"nodes_visited":2130,"solved":true}