{"Timer":{"mp_compute_time":3.199999909497819e-08,"s_compute_time":0.0,"ta_compute_time":3.900000322687447e-08,"total_compute_time":7.100000232185266e-08,"tp_compute_time":0.0},"makespan":12.396709442138672,"nodes_expanded":14,"nodes_visited":992,"solved":true}