{"Timer":{"mp_compute_time":2.4000000209412065e-08,"s_compute_time":1.000000082740371e-09,"ta_compute_time":3.000000248221113e-09,"total_compute_time":2.800000054037355e-08,"tp_compute_time":0.0},"makespan":17.069358825683594,"nodes_expanded":21,"nodes_visited":2596,"solved":true}