{"Timer":{"mp_compute_time":5.000000058430487e-08,"s_compute_time":0.0,"ta_compute_time":7.500000265281415e-08,"total_compute_time":1.2499999968440534e-07,"tp_compute_time":0.0},"makespan":14.162086486816406,"nodes_expanded":15,"nodes_visited":1470,"solved":true}