{"Timer":{"mp_compute_time":6.599997703915506e-08,"s_compute_time":0.0,"ta_compute_time":2.390000020113803e-07,"total_compute_time":3.049999861559627e-07,"tp_compute_time":0.0},"makespan":4.542905330657959,"nodes_expanded":179,"nodes_visited":3861,"solved":true}