{"Timer":{"mp_compute_time":1.0899996993884997e-07,"s_compute_time":9.999965300266922e-10,"ta_compute_time":2.260000258047512e-07,"total_compute_time":3.359999709573458e-07,"tp_compute_time":0.0},"makespan":13.02601432800293,"nodes_expanded":20,"nodes_visited":2912,"solved":true}