{"Timer":{"mp_compute_time":2.4000000209412065e-08,"s_compute_time":2.000000165480742e-09,"ta_compute_time":-1.000000082740371e-08,"total_compute_time":1.5999999547489097e-08,"tp_compute_time":0.0},"makespan":14.436095237731934,"nodes_expanded":18,"nodes_visited":1836,"solved":true}