{"Timer":{"mp_compute_time":2.900000062311392e-08,"s_compute_time":0.0,"ta_compute_time":6.500000182541044e-08,"total_compute_time":9.400000067216752e-08,"tp_compute_time":0.0},"makespan":2.403369903564453,"nodes_expanded":50,"nodes_visited":1524,"solved":true}