{"Timer":{"mp_compute_time":3.699999950868005e-08,"s_compute_time":0.0,"ta_compute_time":1.0000000116860974e-07,"total_compute_time":1.370000006772898e-07,"tp_compute_time":0.0},"makespan":12.410314559936523,"nodes_expanded":16,"nodes_visited":1680,"solved":true}