{"Timer":{"mp_compute_time":2.900000062311392e-08,"s_compute_time":0.0,"ta_compute_time":1.2999999299267984e-08,"total_compute_time":4.19999999223819e-08,"tp_compute_time":0.0},"makespan":9.175010681152344,"nodes_expanded":10,"nodes_visited":237,"solved":true}