{"Timer":{"mp_compute_time":8.39999501067723e-08,"s_compute_time":1.0000036354540498e-09,"ta_compute_time":2.120000601735228e-07,"total_compute_time":2.9700001391574915e-07,"tp_compute_time":0.0},"makespan":14.298173904418945,"nodes_expanded":20,"nodes_visited":2470,"solved":true}