{"Timer":{"mp_compute_time":2.800000054037355e-08,"s_compute_time":0.0,"ta_compute_time":2.8400000928741065e-07,"total_compute_time":3.119999973932863e-07,"tp_compute_time":0.0},"makespan":3.8369109630584717,"nodes_expanded":69,"nodes_visited":4070,"solved":true}