{"Timer":{"mp_compute_time":6.09999943890216e-08,"s_compute_time":0.0,"ta_compute_time":8.199999967928306e-08,"total_compute_time":1.4299999406830466e-07,"tp_compute_time":0.0},"makespan":12.35641860961914,"nodes_expanded":17,"nodes_visited":1605,"solved":true}