{"Timer":{"mp_compute_time":3.199999909497819e-08,"s_compute_time":0.0,"ta_compute_time":4.300000355783595e-08,"total_compute_time":7.500000265281415e-08,"tp_compute_time":0.0},"makespan":12.399195671081543,"nodes_expanded":16,"nodes_visited":1072,"solved":true}