{"Timer":{"mp_compute_time":5.3000000832525984e-08,"s_compute_time":0.0,"ta_compute_time":2.3699999474047218e-07,"total_compute_time":2.900000026784255e-07,"tp_compute_time":0.0},"makespan":12.784716606140137,"nodes_expanded":21,"nodes_visited":3010,"solved":true}