{"Timer":{"mp_compute_time":4.5000000170603016e-08,"s_compute_time":1.000000082740371e-09,"ta_compute_time":4.499999661788934e-08,"total_compute_time":9.099999687123272e-08,"tp_compute_time":0.0},"makespan":2.4836513996124268,"nodes_expanded":13,"nodes_visited":1170,"solved":true}