{"Timer":{"mp_compute_time":5.100000066704524e-08,"s_compute_time":1.000000082740371e-09,"ta_compute_time":-3.799999959142042e-08,"total_compute_time":0.0,"tp_compute_time":-1.4000000270186774e-08},"makespan":23.57720947265625,"nodes_expanded":17,"nodes_visited":1810,"solved":true}