{"Timer":{"mp_compute_time":6.999996315926182e-08,"s_compute_time":0.0,"ta_compute_time":4.500000443385943e-07,"total_compute_time":5.200000146032835e-07,"tp_compute_time":0.0},"makespan":28.4694881439209,"nodes_expanded":25,"nodes_visited":3585,"solved":true}