{"Timer":{"mp_compute_time":7.999999773744548e-09,"s_compute_time":0.0,"ta_compute_time":-1.999999721391532e-09,"total_compute_time":6.000000052353016e-09,"tp_compute_time":0.0},"makespan":4.5255608558654785,"nodes_expanded":11,"nodes_visited":808,"solved":true}