{"Timer":{"mp_compute_time":2.1699999308566476e-07,"s_compute_time":9.999894245993346e-10,"ta_compute_time":2.1300000696555799e-07,"total_compute_time":4.309999894758221e-07,"tp_compute_time":0.0},"makespan":12.681032180786133,"nodes_expanded":22,"nodes_visited":2723,"solved":true}