{"Timer":{"mp_compute_time":4.600000025334339e-08,"s_compute_time":0.0,"ta_compute_time":1.1299999869152089e-07,"total_compute_time":1.589999953921506e-07,"tp_compute_time":0.0},"makespan":7.138454914093018,"nodes_expanded":17,"nodes_visited":1768,"solved":true}