{"Timer":{"mp_compute_time":1.799999971296984e-08,"s_compute_time":0.0,"ta_compute_time":2.5000000292152436e-08,"total_compute_time":4.3000000005122274e-08,"tp_compute_time":0.0},"makespan":3.5112698078155518,"nodes_expanded":12,"nodes_visited":907,"solved":true}