{"Timer":{"mp_compute_time":5.99999978589949e-08,"s_compute_time":0.0,"ta_compute_time":1.610000026630587e-07,"total_compute_time":2.2099999341662624e-07,"tp_compute_time":0.0},"makespan":13.490751266479492,"nodes_expanded":21,"nodes_visited":2375,"solved":true}