{"Timer":{"mp_compute_time":9.799996547599221e-08,"s_compute_time":2.1316282072803006e-14,"ta_compute_time":9.900001884943777e-08,"total_compute_time":1.9700000564171205e-07,"tp_compute_time":0.0},"makespan":22.038421630859375,"nodes_expanded":16,"nodes_visited":1680,"solved":true}