{"Timer":{"mp_compute_time":2.999999892949745e-08,"s_compute_time":0.0,"ta_compute_time":4.4000000087862645e-08,"total_compute_time":7.39999990173601e-08,"tp_compute_time":0.0},"makespan":14.479131698608398,"nodes_expanded":13,"nodes_visited":936,"solved":true}