{"Timer":{"mp_compute_time":2.4000000209412065e-08,"s_compute_time":0.0,"ta_compute_time":5.5000000998006726e-08,"total_compute_time":7.900000298377563e-08,"tp_compute_time":0.0},"makespan":5.173903942108154,"nodes_expanded":15,"nodes_visited":1290,"solved":true}