{"Timer":{"mp_compute_time":1.3000000187446403e-08,"s_compute_time":1.9999992773023223e-09,"ta_compute_time":-1.1999999216527613e-08,"total_compute_time":0.0,"tp_compute_time":-3.000000026176508e-09},"makespan":5.034985542297363,"nodes_expanded":10,"nodes_visited":630,"solved":true}