{"Timer":{"mp_compute_time":9.299999703671347e-08,"s_compute_time":1.0000036354540498e-09,"ta_compute_time":3.099999901223782e-08,"total_compute_time":1.2499999968440534e-07,"tp_compute_time":0.0},"makespan":13.091957092285156,"nodes_expanded":38,"nodes_visited":459,"solved":true}