{"Timer":{"mp_compute_time":2.4000000209412065e-08,"s_compute_time":0.0,"ta_compute_time":1.4999999464748726e-08,"total_compute_time":3.899999967416079e-08,"tp_compute_time":0.0},"makespan":2.705868721008301,"nodes_expanded":10,"nodes_visited":585,"solved":true}