{"Timer":{"mp_compute_time":1.0399993044529765e-07,"s_compute_time":0.0,"ta_compute_time":2.2400007537726196e-07,"total_compute_time":3.2799999871713226e-07,"tp_compute_time":0.0},"makespan":12.846843719482422,"nodes_expanded":27,"nodes_visited":2941,"solved":true}