{"Timer":{"mp_compute_time":2.099999996119095e-08,"s_compute_time":0.0,"ta_compute_time":9.899999753315569e-08,"total_compute_time":1.199999957179898e-07,"tp_compute_time":0.0},"makespan":2.879331350326538,"nodes_expanded":247,"nodes_visited":2598,"solved":true}