{"Timer":{"mp_compute_time":1.5999999547489097e-08,"s_compute_time":0.0,"ta_compute_time":0.0,"total_compute_time":0.0,"tp_compute_time":-1.5999999547489097e-08},"makespan":15.742376327514648,"nodes_expanded":18,"nodes_visited":2039,"solved":true}