{"Timer":{"mp_compute_time":2.800000054037355e-08,"s_compute_time":0.0,"ta_compute_time":2.800000054037355e-08,"total_compute_time":5.60000010807471e-08,"tp_compute_time":0.0},"makespan":2.697335720062256,"nodes_expanded":11,"nodes_visited":715,"solved":true}