{"Timer":{"mp_compute_time":3.000000026176508e-09,"s_compute_time":0.0,"ta_compute_time":-3.000000026176508e-09,"total_compute_time":0.0,"tp_compute_time":0.0},"makespan":2.451289653778076,"nodes_expanded":4,"nodes_visited":36,"solved":true}