{"Timer":{"mp_compute_time":6.899997373466249e-08,"s_compute_time":9.999965300266922e-10,"ta_compute_time":1.560000271183526e-07,"total_compute_time":2.2599999738304177e-07,"tp_compute_time":0.0},"makespan":12.481807708740234,"nodes_expanded":18,"nodes_visited":2142,"solved":true}