{"Timer":{"mp_compute_time":7.099998811099795e-08,"s_compute_time":0.0,"ta_compute_time":9.500001851847628e-08,"total_compute_time":1.6600000662947423e-07,"tp_compute_time":0.0},"makespan":3.507582187652588,"nodes_expanded":27,"nodes_visited":1772,"solved":true}