{"Timer":{"mp_compute_time":1.799999971296984e-08,"s_compute_time":0.0,"ta_compute_time":2.900000062311392e-08,"total_compute_time":4.700000033608376e-08,"tp_compute_time":0.0},"makespan":2.7099289894104004,"nodes_expanded":23,"nodes_visited":1069,"solved":true}