{"Timer":{"mp_compute_time":5.4000000915266355e-08,"s_compute_time":9.999997274690031e-09,"ta_compute_time":6.3910001699696295e-06,"total_compute_time":6.454999947891338e-06,"tp_compute_time":0.0},"makespan":4.419678688049316,"nodes_expanded":1279,"nodes_visited":79509,"solved":true}