{"Timer":{"mp_compute_time":2.3000000126671694e-08,"s_compute_time":0.0,"ta_compute_time":6.30000016599297e-08,"total_compute_time":8.600000001024455e-08,"tp_compute_time":0.0},"makespan":3.3821072578430176,"nodes_expanded":16,"nodes_visited":1380,"solved":true}