{"Timer":{"mp_compute_time":1.799999971296984e-08,"s_compute_time":0.0,"ta_compute_time":1.799999971296984e-08,"total_compute_time":3.599999942593968e-08,"tp_compute_time":0.0},"makespan":4.053983688354492,"nodes_expanded":10,"nodes_visited":585,"solved":true}