{"Timer":{"mp_compute_time":2.099999996119095e-08,"s_compute_time":0.0,"ta_compute_time":2.2000000043931323e-08,"total_compute_time":4.3000000005122274e-08,"tp_compute_time":0.0},"makespan":4.716198921203613,"nodes_expanded":11,"nodes_visited":720,"solved":true}