{"Timer":{"mp_compute_time":2.900000062311392e-08,"s_compute_time":9.999983063835316e-10,"ta_compute_time":-1.3999999382008355e-08,"total_compute_time":0.0,"tp_compute_time":-1.5999999547489097e-08},"makespan":4.979686737060547,"nodes_expanded":16,"nodes_visited":1800,"solved":true}