{"Timer":{"mp_compute_time":5.900000132896821e-08,"s_compute_time":0.0,"ta_compute_time":4.1999996369668224e-08,"total_compute_time":1.0099999769863643e-07,"tp_compute_time":0.0},"makespan":12.497912406921387,"nodes_expanded":15,"nodes_visited":1040,"solved":true}