{"Timer":{"mp_compute_time":1.3000000187446403e-08,"s_compute_time":0.0,"ta_compute_time":3.999999442783064e-09,"total_compute_time":1.6999999630229468e-08,"tp_compute_time":0.0},"makespan":5.8111572265625,"nodes_expanded":16,"nodes_visited":1800,"solved":true}