{"Timer":{"mp_compute_time":2.099999996119095e-08,"s_compute_time":2.000000165480742e-09,"ta_compute_time":-1.2000000104706032e-08,"total_compute_time":0.0,"tp_compute_time":-1.1000000021965661e-08},"makespan":13.989705085754395,"nodes_expanded":16,"nodes_visited":1560,"solved":true}