{"Timer":{"mp_compute_time":2.729998698214331e-07,"s_compute_time":0.0,"ta_compute_time":2.210001355251734e-07,"total_compute_time":4.940000053466065e-07,"tp_compute_time":0.0},"makespan":13.124372482299805,"nodes_expanded":20,"nodes_visited":2470,"solved":true}