{"Timer":{"mp_compute_time":3.999999975690116e-08,"s_compute_time":0.0,"ta_compute_time":1.679999996895276e-07,"total_compute_time":2.0800000299914245e-07,"tp_compute_time":0.0},"makespan":5.747552871704102,"nodes_expanded":26,"nodes_visited":2085,"solved":true}