{"Timer":{"mp_compute_time":1.1499991359187334e-07,"s_compute_time":1.0000036354540498e-09,"ta_compute_time":2.2100007868175453e-07,"total_compute_time":3.3699998880365456e-07,"tp_compute_time":0.0},"makespan":12.534558296203613,"nodes_expanded":22,"nodes_visited":2650,"solved":true}