{"Timer":{"mp_compute_time":7.899996745663884e-08,"s_compute_time":0.0,"ta_compute_time":8.200003520641985e-08,"total_compute_time":1.610000026630587e-07,"tp_compute_time":0.0},"makespan":12.566551208496094,"nodes_expanded":19,"nodes_visited":1684,"solved":true}