{"Timer":{"mp_compute_time":1.1299990632096524e-07,"s_compute_time":1.4210854715202004e-14,"ta_compute_time":2.0300009850870993e-07,"total_compute_time":3.160000119351025e-07,"tp_compute_time":0.0},"makespan":12.159883499145508,"nodes_expanded":22,"nodes_visited":2713,"solved":true}