{"Timer":{"mp_compute_time":6.000000052353016e-09,"s_compute_time":0.0,"ta_compute_time":-6.000000052353016e-09,"total_compute_time":0.0,"tp_compute_time":0.0},"makespan":15.086647033691406,"nodes_expanded":7,"nodes_visited":147,"solved":true}