{"Timer":{"mp_compute_time":2.900000062311392e-08,"s_compute_time":9.999983063835316e-10,"ta_compute_time":-2.999999892949745e-08,"total_compute_time":0.0,"tp_compute_time":0.0},"makespan":17.70316505432129,"nodes_expanded":8,"nodes_visited":123,"solved":true}