{"Timer":{"mp_compute_time":1.799999971296984e-08,"s_compute_time":0.0,"ta_compute_time":3.200000264769187e-08,"total_compute_time":5.000000413701855e-08,"tp_compute_time":0.0},"makespan":3.396205186843872,"nodes_expanded":11,"nodes_visited":808,"solved":true}