{"Timer":{"mp_compute_time":2.3000000126671694e-08,"s_compute_time":2.000000165480742e-09,"ta_compute_time":5.999998720085387e-09,"total_compute_time":3.099999901223782e-08,"tp_compute_time":0.0},"makespan":14.47157096862793,"nodes_expanded":19,"nodes_visited":2736,"solved":true}