{"Timer":{"mp_compute_time":2.800000054037355e-08,"s_compute_time":0.0,"ta_compute_time":4.999998637345016e-09,"total_compute_time":3.2999999177718564e-08,"tp_compute_time":0.0},"makespan":12.518207550048828,"nodes_expanded":8,"nodes_visited":151,"solved":true}