{"Timer":{"mp_compute_time":1.2399993920553243e-07,"s_compute_time":1.9999930600533844e-09,"ta_compute_time":2.120000743843775e-07,"total_compute_time":3.380000066499633e-07,"tp_compute_time":0.0},"makespan":12.53428840637207,"nodes_expanded":21,"nodes_visited":2605,"solved":true}