{"Timer":{"mp_compute_time":1.799999971296984e-08,"s_compute_time":0.0,"ta_compute_time":4.599999670062971e-08,"total_compute_time":6.399999818995639e-08,"tp_compute_time":0.0},"makespan":2.5298404693603516,"nodes_expanded":63,"nodes_visited":1395,"solved":true}