{"Timer":{"mp_compute_time":2.6000000374892807e-08,"s_compute_time":1.000000082740371e-09,"ta_compute_time":-1.6000001323845936e-08,"total_compute_time":-1.7763568394002505e-15,"tp_compute_time":-1.1000000021965661e-08},"makespan":13.578330993652344,"nodes_expanded":16,"nodes_visited":1587,"solved":true}