{"Timer":{"mp_compute_time":6.199999091904829e-08,"s_compute_time":0.0,"ta_compute_time":2.859999881366093e-07,"total_compute_time":3.4799998616108496e-07,"tp_compute_time":0.0},"makespan":13.066213607788086,"nodes_expanded":20,"nodes_visited":2850,"solved":true}