{"Timer":{"mp_compute_time":2.3000000126671694e-08,"s_compute_time":0.0,"ta_compute_time":1.370000006772898e-07,"total_compute_time":1.5999999902760464e-07,"tp_compute_time":0.0},"makespan":3.339425563812256,"nodes_expanded":88,"nodes_visited":2709,"solved":true}