{"Timer":{"mp_compute_time":3.2999999177718564e-08,"s_compute_time":4.4000003640576324e-08,"ta_compute_time":2.2778000129619613e-05,"total_compute_time":2.2854999770061113e-05,"tp_compute_time":0.0},"makespan":5.6668477058410645,"nodes_expanded":8109,"nodes_visited":284801,"solved":true}