{"Timer":{"mp_compute_time":1.999999987845058e-08,"s_compute_time":1.000000082740371e-09,"ta_compute_time":5.000000413701855e-09,"total_compute_time":2.6000000374892807e-08,"tp_compute_time":0.0},"makespan":15.496212005615234,"nodes_expanded":21,"nodes_visited":2632,"solved":true}