{"Timer":{"mp_compute_time":3.699999950868005e-08,"s_compute_time":0.0,"ta_compute_time":1.2300000662435195e-07,"total_compute_time":1.6000001323845936e-07,"tp_compute_time":0.0},"makespan":15.640174865722656,"nodes_expanded":17,"nodes_visited":1806,"solved":true}