{"Timer":{"mp_compute_time":2.2000000043931323e-08,"s_compute_time":0.0,"ta_compute_time":6.000000496442226e-09,"total_compute_time":2.800000054037355e-08,"tp_compute_time":0.0},"makespan":7.902571201324463,"nodes_expanded":10,"nodes_visited":163,"solved":true}