{"Timer":{"mp_compute_time":1.3000000187446403e-08,"s_compute_time":0.0,"ta_compute_time":-5.000000413701855e-09,"total_compute_time":0.0,"tp_compute_time":-7.999999773744548e-09},"makespan":6.168854713439941,"nodes_expanded":14,"nodes_visited":1183,"solved":true}