{"Timer":{"mp_compute_time":5.900000132896821e-08,"s_compute_time":0.0,"ta_compute_time":3.229999947507167e-07,"total_compute_time":3.8199999607968493e-07,"tp_compute_time":0.0},"makespan":15.771075248718262,"nodes_expanded":22,"nodes_visited":3003,"solved":true}