{"Timer":{"mp_compute_time":1.799999971296984e-08,"s_compute_time":0.0,"ta_compute_time":1.999999987845058e-08,"total_compute_time":3.799999959142042e-08,"tp_compute_time":0.0},"makespan":5.2849440574646,"nodes_expanded":11,"nodes_visited":648,"solved":true}