{"Timer":{"mp_compute_time":2.999999892949745e-08,"s_compute_time":1.000000082740371e-09,"ta_compute_time":-1.999999810209374e-08,"total_compute_time":1.1000000910144081e-08,"tp_compute_time":0.0},"makespan":12.6691312789917,"nodes_expanded":14,"nodes_visited":1365,"solved":true}