{"Timer":{"mp_compute_time":1.3000000187446403e-08,"s_compute_time":0.0,"ta_compute_time":-1.000000082740371e-09,"total_compute_time":0.0,"tp_compute_time":-1.2000000104706032e-08},"makespan":6.82598876953125,"nodes_expanded":16,"nodes_visited":1680,"solved":true}