{"Timer":{"mp_compute_time":2.5499986122667906e-07,"s_compute_time":0.0,"ta_compute_time":1.9600014411480515e-07,"total_compute_time":4.510000053414842e-07,"tp_compute_time":0.0},"makespan":12.70417594909668,"nodes_expanded":23,"nodes_visited":2643,"solved":true}