{"Timer":{"mp_compute_time":3.2999999177718564e-08,"s_compute_time":3.000000248221113e-09,"ta_compute_time":8.000000661922968e-09,"total_compute_time":4.4000000087862645e-08,"tp_compute_time":0.0},"makespan":30.4478702545166,"nodes_expanded":23,"nodes_visited":3605,"solved":true}