{"Timer":{"mp_compute_time":5.99999978589949e-08,"s_compute_time":0.0,"ta_compute_time":2.0800001720999717e-07,"total_compute_time":2.680000079635647e-07,"tp_compute_time":0.0},"makespan":12.791873931884766,"nodes_expanded":23,"nodes_visited":2581,"solved":true}