{"Timer":{"mp_compute_time":1.799999971296984e-08,"s_compute_time":0.0,"ta_compute_time":-8.99999985648492e-09,"total_compute_time":8.99999985648492e-09,"tp_compute_time":0.0},"makespan":7.295243740081787,"nodes_expanded":14,"nodes_visited":1187,"solved":true}