{"Timer":{"mp_compute_time":7.899994614035677e-08,"s_compute_time":9.999965300266922e-10,"ta_compute_time":3.030000641501829e-07,"total_compute_time":3.8299998550428427e-07,"tp_compute_time":0.0},"makespan":12.278512954711914,"nodes_expanded":26,"nodes_visited":3210,"solved":true}