{"Timer":{"mp_compute_time":8.499996084765371e-08,"s_compute_time":1.0000036354540498e-09,"ta_compute_time":6.500003024711987e-08,"total_compute_time":1.5099999473022763e-07,"tp_compute_time":0.0},"makespan":12.749273300170898,"nodes_expanded":16,"nodes_visited":1438,"solved":true}