{"Timer":{"mp_compute_time":1.0799991656540442e-07,"s_compute_time":9.999965300266922e-10,"ta_compute_time":2.620000714159687e-07,"total_compute_time":3.709999703005451e-07,"tp_compute_time":0.0},"makespan":12.573433876037598,"nodes_expanded":23,"nodes_visited":2704,"solved":true}