{"Timer":{"mp_compute_time":1.799999971296984e-08,"s_compute_time":0.0,"ta_compute_time":-9.99999993922529e-09,"total_compute_time":7.999999773744548e-09,"tp_compute_time":0.0},"makespan":4.216851234436035,"nodes_expanded":12,"nodes_visited":924,"solved":true}