{"Timer":{"mp_compute_time":1.0199995870152634e-07,"s_compute_time":0.0,"ta_compute_time":1.2200004562146205e-07,"total_compute_time":2.240000043229884e-07,"tp_compute_time":0.0},"makespan":12.278477668762207,"nodes_expanded":18,"nodes_visited":1804,"solved":true}