{"Timer":{"mp_compute_time":2.800000054037355e-08,"s_compute_time":1.000000082740371e-09,"ta_compute_time":-1.8000001489326678e-08,"total_compute_time":1.0999999133787242e-08,"tp_compute_time":0.0},"makespan":6.704723358154297,"nodes_expanded":16,"nodes_visited":1560,"solved":true}