{"Timer":{"mp_compute_time":8.99999985648492e-09,"s_compute_time":0.0,"ta_compute_time":4.000000330961484e-09,"total_compute_time":1.3000000187446403e-08,"tp_compute_time":0.0},"makespan":3.488302230834961,"nodes_expanded":41,"nodes_visited":109,"solved":true}