{"Timer":{"mp_compute_time":2.900000062311392e-08,"s_compute_time":0.0,"ta_compute_time":1.2999999299267984e-08,"total_compute_time":4.19999999223819e-08,"tp_compute_time":0.0},"makespan":5.597483158111572,"nodes_expanded":21,"nodes_visited":321,"solved":true}