{"Timer":{"mp_compute_time":1.799999971296984e-08,"s_compute_time":0.0,"ta_compute_time":0.0,"total_compute_time":1.799999971296984e-08,"tp_compute_time":0.0},"makespan":25.594825744628906,"nodes_expanded":17,"nodes_visited":2040,"solved":true}