{"Timer":{"mp_compute_time":2.2000000043931323e-08,"s_compute_time":1.000000082740371e-09,"ta_compute_time":-1.6999999630229468e-08,"total_compute_time":6.000000496442226e-09,"tp_compute_time":0.0},"makespan":7.03111457824707,"nodes_expanded":14,"nodes_visited":986,"solved":true}