{"Timer":{"mp_compute_time":8.99999985648492e-09,"s_compute_time":0.0,"ta_compute_time":3.000000248221113e-09,"total_compute_time":1.2000000104706032e-08,"tp_compute_time":0.0},"makespan":3.2028520107269287,"nodes_expanded":40,"nodes_visited":169,"solved":true}