{"Timer":{"mp_compute_time":5.60000010807471e-08,"s_compute_time":0.0,"ta_compute_time":1.980000092771661e-07,"total_compute_time":2.540000139106269e-07,"tp_compute_time":0.0},"makespan":18.629196166992188,"nodes_expanded":20,"nodes_visited":2556,"solved":true}