{"Timer":{"mp_compute_time":2.5000000292152436e-08,"s_compute_time":1.000000082740371e-09,"ta_compute_time":3.5230000321462285e-06,"total_compute_time":3.5489999845594866e-06,"tp_compute_time":0.0},"makespan":3.386549234390259,"nodes_expanded":2045,"nodes_visited":66394,"solved":true}