{"Timer":{"mp_compute_time":2.2900002250025864e-07,"s_compute_time":1.0000036354540498e-09,"ta_compute_time":2.029999706110175e-07,"total_compute_time":4.329999967467302e-07,"tp_compute_time":0.0},"makespan":12.843734741210938,"nodes_expanded":22,"nodes_visited":2538,"solved":true}