{"Timer":{"mp_compute_time":4.099999983964153e-08,"s_compute_time":9.000000744663339e-09,"ta_compute_time":2.8040001325280173e-06,"total_compute_time":2.854000058505335e-06,"tp_compute_time":0.0},"makespan":12.494157791137695,"nodes_expanded":12205,"nodes_visited":115250,"solved":true}