{"Timer":{"mp_compute_time":2.800000054037355e-08,"s_compute_time":0.0,"ta_compute_time":2.8200000201650255e-07,"total_compute_time":3.099999901223782e-07,"tp_compute_time":0.0},"makespan":3.3721930980682373,"nodes_expanded":112,"nodes_visited":3566,"solved":true}