{"Timer":{"mp_compute_time":2.7000000457633178e-08,"s_compute_time":0.0,"ta_compute_time":1.1999999216527613e-08,"total_compute_time":3.899999967416079e-08,"tp_compute_time":0.0},"makespan":6.815761089324951,"nodes_expanded":12,"nodes_visited":280,"solved":true}