{"Timer":{"mp_compute_time":3.599999942593968e-08,"s_compute_time":3.000000248221113e-09,"ta_compute_time":-1.799999971296984e-08,"total_compute_time":0.0,"tp_compute_time":-2.099999996119095e-08},"makespan":26.62613868713379,"nodes_expanded":22,"nodes_visited":2660,"solved":true}