{"Timer":{"mp_compute_time":8.99999985648492e-09,"s_compute_time":0.0,"ta_compute_time":2.000000165480742e-08,"total_compute_time":2.900000239947076e-08,"tp_compute_time":0.0},"makespan":2.591513156890869,"nodes_expanded":179,"nodes_visited":849,"solved":true}