{"Timer":{"mp_compute_time":1.6999999630229468e-08,"s_compute_time":1.000000082740371e-09,"ta_compute_time":-6.999999691004177e-09,"total_compute_time":0.0,"tp_compute_time":-1.1000000021965661e-08},"makespan":7.457832336425781,"nodes_expanded":17,"nodes_visited":1552,"solved":true}