{"Timer":{"mp_compute_time":4.099999983964153e-08,"s_compute_time":0.0,"ta_compute_time":2.6000002151249646e-08,"total_compute_time":6.700000199089118e-08,"tp_compute_time":0.0},"makespan":3.9323954582214355,"nodes_expanded":14,"nodes_visited":805,"solved":true}