{"Timer":{"mp_compute_time":4.90000005015645e-08,"s_compute_time":0.0,"ta_compute_time":1.2300000662435195e-07,"total_compute_time":1.720000000204891e-07,"tp_compute_time":0.0},"makespan":12.373507499694824,"nodes_expanded":18,"nodes_visited":1998,"solved":true}