{"Timer":{"mp_compute_time":4.19999999223819e-08,"s_compute_time":0.0,"ta_compute_time":3.599999942593968e-08,"total_compute_time":7.799999934832158e-08,"tp_compute_time":0.0},"makespan":3.05582857131958,"nodes_expanded":30,"nodes_visited":1104,"solved":true}