{"Timer":{"mp_compute_time":1.9200000167529652e-07,"s_compute_time":1.4210854715202004e-14,"ta_compute_time":1.98999970280056e-07,"total_compute_time":3.9099998616620724e-07,"tp_compute_time":0.0},"makespan":12.726430892944336,"nodes_expanded":20,"nodes_visited":2646,"solved":true}