{"Timer":{"mp_compute_time":3.799999959142042e-08,"s_compute_time":2.5999998598535967e-08,"ta_compute_time":1.3725999451708049e-05,"total_compute_time":1.3789998774882406e-05,"tp_compute_time":0.0},"makespan":4.974998474121094,"nodes_expanded":17387,"nodes_visited":250194,"solved":true}