{"Timer":{"mp_compute_time":1.999999987845058e-08,"s_compute_time":0.0,"ta_compute_time":1.4999999464748726e-08,"total_compute_time":0.0,"tp_compute_time":-3.4999999343199306e-08},"makespan":16.29580307006836,"nodes_expanded":23,"nodes_visited":3675,"solved":true}