{"Timer":{"mp_compute_time":1.799999971296984e-08,"s_compute_time":2.000000165480742e-09,"ta_compute_time":-1.5999999547489097e-08,"total_compute_time":4.000000330961484e-09,"tp_compute_time":0.0},"makespan":10.290237426757813,"nodes_expanded":11,"nodes_visited":330,"solved":true}