{"Timer":{"mp_compute_time":2.5000000292152436e-08,"s_compute_time":0.0,"ta_compute_time":5.999998720085387e-09,"total_compute_time":3.099999901223782e-08,"tp_compute_time":0.0},"makespan":15.048262596130371,"nodes_expanded":7,"nodes_visited":147,"solved":true}