{"Timer":{"mp_compute_time":3.3999999260458935e-08,"s_compute_time":0.0,"ta_compute_time":4.5000003723316695e-08,"total_compute_time":7.900000298377563e-08,"tp_compute_time":0.0},"makespan":4.043394088745117,"nodes_expanded":34,"nodes_visited":1309,"solved":true}