{"Timer":{"mp_compute_time":6.199999091904829e-08,"s_compute_time":9.999965300266922e-10,"ta_compute_time":9.600000794307562e-08,"total_compute_time":1.589999953921506e-07,"tp_compute_time":0.0},"makespan":12.985764503479004,"nodes_expanded":18,"nodes_visited":1820,"solved":true}