{"Timer":{"mp_compute_time":9.99999993922529e-09,"s_compute_time":0.0,"ta_compute_time":-7.999999773744548e-09,"total_compute_time":2.000000165480742e-09,"tp_compute_time":0.0},"makespan":19.375621795654297,"nodes_expanded":10,"nodes_visited":270,"solved":true}