{"Timer":{"mp_compute_time":3.3999999260458935e-08,"s_compute_time":1.000000082740371e-09,"ta_compute_time":2.4999998515795596e-08,"total_compute_time":5.99999978589949e-08,"tp_compute_time":0.0},"makespan":5.746292591094971,"nodes_expanded":11,"nodes_visited":715,"solved":true}