{"Timer":{"mp_compute_time":1.1000000021965661e-08,"s_compute_time":0.0,"ta_compute_time":-3.999999886872274e-09,"total_compute_time":0.0,"tp_compute_time":-7.000000135093387e-09},"makespan":4.556027412414551,"nodes_expanded":13,"nodes_visited":1092,"solved":true}