{"Timer":{"mp_compute_time":1.799999971296984e-08,"s_compute_time":0.0,"ta_compute_time":4.000000330961484e-09,"total_compute_time":0.0,"tp_compute_time":-2.2000000043931323e-08},"makespan":16.543554306030273,"nodes_expanded":20,"nodes_visited":2470,"solved":true}