{"Timer":{"mp_compute_time":2.099999996119095e-08,"s_compute_time":0.0,"ta_compute_time":9.99999905104687e-09,"total_compute_time":0.0,"tp_compute_time":-3.099999901223782e-08},"makespan":22.596479415893555,"nodes_expanded":23,"nodes_visited":3395,"solved":true}