{"Timer":{"mp_compute_time":2.3000000126671694e-08,"s_compute_time":0.0,"ta_compute_time":4.200000347509558e-08,"total_compute_time":6.500000182541044e-08,"tp_compute_time":0.0},"makespan":2.8431735038757324,"nodes_expanded":15,"nodes_visited":1175,"solved":true}