{"Timer":{"mp_compute_time":3.4999999343199306e-08,"s_compute_time":1.000000082740371e-09,"ta_compute_time":5.899999777625453e-08,"total_compute_time":9.499999720219421e-08,"tp_compute_time":0.0},"makespan":13.526248931884766,"nodes_expanded":17,"nodes_visited":496,"solved":true}