{"Timer":{"mp_compute_time":1.0099994085521757e-07,"s_compute_time":0.0,"ta_compute_time":2.0800005984256131e-07,"total_compute_time":3.090000006977789e-07,"tp_compute_time":0.0},"makespan":12.653351783752441,"nodes_expanded":24,"nodes_visited":2711,"solved":true}