{"Timer":{"mp_compute_time":3.3999999260458935e-08,"s_compute_time":0.0,"ta_compute_time":3.700000306139373e-08,"total_compute_time":7.100000232185266e-08,"tp_compute_time":0.0},"makespan":2.582681655883789,"nodes_expanded":24,"nodes_visited":1131,"solved":true}