{"Timer":{"mp_compute_time":1.999999987845058e-08,"s_compute_time":0.0,"ta_compute_time":1.899999979571021e-08,"total_compute_time":3.899999967416079e-08,"tp_compute_time":0.0},"makespan":2.729860305786133,"nodes_expanded":11,"nodes_visited":720,"solved":true}