{"Timer":{"mp_compute_time":5.100000066704524e-08,"s_compute_time":0.0,"ta_compute_time":6.500000182541044e-08,"total_compute_time":1.1600000249245568e-07,"tp_compute_time":0.0},"makespan":3.100804328918457,"nodes_expanded":24,"nodes_visited":1481,"solved":true}