{"Timer":{"mp_compute_time":1.2000000104706032e-08,"s_compute_time":0.0,"ta_compute_time":-4.999999969612645e-09,"total_compute_time":0.0,"tp_compute_time":-7.000000135093387e-09},"makespan":12.581503868103027,"nodes_expanded":13,"nodes_visited":1092,"solved":true}