{"Timer":{"mp_compute_time":8.99999985648492e-09,"s_compute_time":1.000000082740371e-09,"ta_compute_time":-6.999999691004177e-09,"total_compute_time":0.0,"tp_compute_time":-3.000000026176508e-09},"makespan":4.081546783447266,"nodes_expanded":10,"nodes_visited":675,"solved":true}