{"Timer":{"mp_compute_time":9.19999791904047e-08,"s_compute_time":7.105427357601002e-15,"ta_compute_time":1.8000015700181393e-08,"total_compute_time":1.1000000199601345e-07,"tp_compute_time":0.0},"makespan":4.474129676818848,"nodes_expanded":13,"nodes_visited":345,"solved":true}