{"Timer":{"mp_compute_time":5.200000074978561e-08,"s_compute_time":2.000000165480742e-09,"ta_compute_time":5.699999761077379e-08,"total_compute_time":1.1099999852604014e-07,"tp_compute_time":0.0},"makespan":3.1051011085510254,"nodes_expanded":16,"nodes_visited":1328,"solved":true}