{"Timer":{"mp_compute_time":8.699996811856181e-08,"s_compute_time":1.0000107408814074e-09,"ta_compute_time":1.70000191701547e-08,"total_compute_time":1.0499999802959792e-07,"tp_compute_time":0.0},"makespan":8.5195894241333,"nodes_expanded":11,"nodes_visited":440,"solved":true}