{"Timer":{"mp_compute_time":2.800000054037355e-08,"s_compute_time":0.0,"ta_compute_time":2.3000000126671694e-08,"total_compute_time":5.100000066704524e-08,"tp_compute_time":0.0},"makespan":5.95332145690918,"nodes_expanded":11,"nodes_visited":715,"solved":true}