{"Timer":{"mp_compute_time":1.0099994796064493e-07,"s_compute_time":1.4210854715202004e-14,"ta_compute_time":2.100000529026147e-07,"total_compute_time":3.11000007968687e-07,"tp_compute_time":0.0},"makespan":12.266571044921875,"nodes_expanded":24,"nodes_visited":3050,"solved":true}