{"Timer":{"mp_compute_time":3.099999901223782e-08,"s_compute_time":4.5000000170603016e-08,"ta_compute_time":3.182799991918728e-05,"total_compute_time":3.190400093444623e-05,"tp_compute_time":0.0},"makespan":4.121404647827148,"nodes_expanded":8644,"nodes_visited":379303,"solved":true}