{"Timer":{"mp_compute_time":1.2499994284098648e-07,"s_compute_time":2.0000072709080996e-09,"ta_compute_time":9.000004297377018e-08,"total_compute_time":2.1699999308566476e-07,"tp_compute_time":0.0},"makespan":12.404107093811035,"nodes_expanded":19,"nodes_visited":1626,"solved":true}