{"Timer":{"mp_compute_time":5.5000000998006726e-08,"s_compute_time":0.0,"ta_compute_time":9.199999340125942e-08,"total_compute_time":1.4699999439926614e-07,"tp_compute_time":0.0},"makespan":2.8162970542907715,"nodes_expanded":48,"nodes_visited":1873,"solved":true}