{"Timer":{"mp_compute_time":1.799999971296984e-08,"s_compute_time":1.000000082740371e-09,"ta_compute_time":-4.999999525523435e-09,"total_compute_time":1.4000000270186774e-08,"tp_compute_time":0.0},"makespan":13.534357070922852,"nodes_expanded":13,"nodes_visited":1014,"solved":true}