{"Timer":{"mp_compute_time":3.799999959142042e-08,"s_compute_time":0.0,"ta_compute_time":9.699999736767495e-08,"total_compute_time":1.349999934063817e-07,"tp_compute_time":0.0},"makespan":12.262996673583984,"nodes_expanded":18,"nodes_visited":1740,"solved":true}