{"Timer":{"mp_compute_time":5.700000116348747e-08,"s_compute_time":1.000000082740371e-09,"ta_compute_time":5.299999656926957e-07,"total_compute_time":5.879999775970646e-07,"tp_compute_time":0.0},"makespan":14.579994201660156,"nodes_expanded":1494,"nodes_visited":13276,"solved":true}