{"Timer":{"mp_compute_time":8.999994349778717e-08,"s_compute_time":9.999965300266922e-10,"ta_compute_time":2.780000443181052e-07,"total_compute_time":3.68999963029637e-07,"tp_compute_time":0.0},"makespan":14.207893371582031,"nodes_expanded":21,"nodes_visited":2940,"solved":true}