{"Timer":{"mp_compute_time":1.4999999464748726e-08,"s_compute_time":0.0,"ta_compute_time":2.000000165480742e-09,"total_compute_time":1.6999999630229468e-08,"tp_compute_time":0.0},"makespan":16.546159744262695,"nodes_expanded":17,"nodes_visited":1806,"solved":true}