{"Timer":{"mp_compute_time":2.4000000209412065e-08,"s_compute_time":1.000000082740371e-09,"ta_compute_time":1.799999971296984e-08,"total_compute_time":4.3000000005122274e-08,"tp_compute_time":0.0},"makespan":2.652801990509033,"nodes_expanded":15,"nodes_visited":729,"solved":true}