{"Timer":{"mp_compute_time":2.800000054037355e-08,"s_compute_time":0.0,"ta_compute_time":8.199999967928306e-08,"total_compute_time":1.1000000199601345e-07,"tp_compute_time":0.0},"makespan":4.75305700302124,"nodes_expanded":16,"nodes_visited":1440,"solved":true}