{"Timer":{"mp_compute_time":3.699999950868005e-08,"s_compute_time":4.000000330961484e-09,"ta_compute_time":-1.2999999299267984e-08,"total_compute_time":2.800000054037355e-08,"tp_compute_time":0.0},"makespan":15.77126407623291,"nodes_expanded":22,"nodes_visited":2932,"solved":true}