{"Timer":{"mp_compute_time":4.19999999223819e-08,"s_compute_time":2.000000165480742e-09,"ta_compute_time":-2.999999892949745e-08,"total_compute_time":1.4000001158365194e-08,"tp_compute_time":0.0},"makespan":22.01773452758789,"nodes_expanded":16,"nodes_visited":1680,"solved":true}