{"Timer":{"mp_compute_time":1.5999999547489097e-08,"s_compute_time":1.000000082740371e-09,"ta_compute_time":-1.2999999299267984e-08,"total_compute_time":4.000000330961484e-09,"tp_compute_time":0.0},"makespan":7.251010417938232,"nodes_expanded":11,"nodes_visited":760,"solved":true}