{"Timer":{"mp_compute_time":1.6999999630229468e-08,"s_compute_time":0.0,"ta_compute_time":2.000000165480742e-09,"total_compute_time":0.0,"tp_compute_time":-1.899999979571021e-08},"makespan":15.443345069885254,"nodes_expanded":18,"nodes_visited":2039,"solved":true}