{"Timer":{"mp_compute_time":4.90000005015645e-08,"s_compute_time":0.0,"ta_compute_time":1.0500000513502528e-07,"total_compute_time":1.5400000563658978e-07,"tp_compute_time":0.0},"makespan":12.626283645629883,"nodes_expanded":22,"nodes_visited":1984,"solved":true}