{"Timer":{"mp_compute_time":1.899999979571021e-08,"s_compute_time":0.0,"ta_compute_time":7.000000579182597e-09,"total_compute_time":2.6000000374892807e-08,"tp_compute_time":0.0},"makespan":12.921133041381836,"nodes_expanded":8,"nodes_visited":159,"solved":true}