{"Timer":{"mp_compute_time":1.4000000270186774e-08,"s_compute_time":0.0,"ta_compute_time":0.0,"total_compute_time":0.0,"tp_compute_time":-1.4000000270186774e-08},"makespan":16.990739822387695,"nodes_expanded":16,"nodes_visited":1800,"solved":true}