{"Timer":{"mp_compute_time":1.999999987845058e-08,"s_compute_time":0.0,"ta_compute_time":9.99999905104687e-09,"total_compute_time":0.0,"tp_compute_time":-2.999999892949745e-08},"makespan":25.138263702392578,"nodes_expanded":22,"nodes_visited":3234,"solved":true}