{"Timer":{"mp_compute_time":5.800000124622784e-08,"s_compute_time":0.0,"ta_compute_time":3.599999942593968e-08,"total_compute_time":9.400000067216752e-08,"tp_compute_time":0.0},"makespan":16.8597412109375,"nodes_expanded":110,"nodes_visited":1012,"solved":true}