{"Timer":{"mp_compute_time":6.100000149444895e-08,"s_compute_time":0.0,"ta_compute_time":4.90000005015645e-08,"total_compute_time":1.1000000199601345e-07,"tp_compute_time":0.0},"makespan":13.53744125366211,"nodes_expanded":13,"nodes_visited":1014,"solved":true}