{"Timer":{"mp_compute_time":8.999997902492396e-08,"s_compute_time":1.0000107408814074e-09,"ta_compute_time":2.3400001225581946e-07,"total_compute_time":3.250000020216248e-07,"tp_compute_time":0.0},"makespan":4.432062149047852,"nodes_expanded":106,"nodes_visited":2935,"solved":true}