{"Timer":{"mp_compute_time":1.899999979571021e-08,"s_compute_time":0.0,"ta_compute_time":4.000000330961484e-09,"total_compute_time":2.3000000126671694e-08,"tp_compute_time":0.0},"makespan":17.96857452392578,"nodes_expanded":20,"nodes_visited":2556,"solved":true}