{"Timer":{"mp_compute_time":2.3000000126671694e-08,"s_compute_time":0.0,"ta_compute_time":1.0700000530050602e-07,"total_compute_time":1.3000000365082087e-07,"tp_compute_time":0.0},"makespan":3.6260290145874023,"nodes_expanded":64,"nodes_visited":1968,"solved":true}