{"Timer":{"mp_compute_time":4.700000033608376e-08,"s_compute_time":0.0,"ta_compute_time":3.000000248221113e-08,"total_compute_time":7.700000281829489e-08,"tp_compute_time":0.0},"makespan":7.980854511260986,"nodes_expanded":12,"nodes_visited":296,"solved":true}