{"Timer":{"mp_compute_time":2.4000000209412065e-08,"s_compute_time":0.0,"ta_compute_time":4.799999686611045e-08,"total_compute_time":7.199999885187935e-08,"tp_compute_time":0.0},"makespan":5.550598621368408,"nodes_expanded":13,"nodes_visited":1092,"solved":true}