{"Timer":{"mp_compute_time":4.3000000005122274e-08,"s_compute_time":1.000000082740371e-09,"ta_compute_time":2.100000173754779e-08,"total_compute_time":6.500000182541044e-08,"tp_compute_time":0.0},"makespan":3.043222427368164,"nodes_expanded":11,"nodes_visited":770,"solved":true}