{"Timer":{"mp_compute_time":2.800000054037355e-08,"s_compute_time":1.000000082740371e-09,"ta_compute_time":2.2000001536071068e-06,"total_compute_time":2.229000074294163e-06,"tp_compute_time":0.0},"makespan":3.277559995651245,"nodes_expanded":466,"nodes_visited":32724,"solved":true}