{"Timer":{"mp_compute_time":2.410000377039978e-07,"s_compute_time":0.0,"ta_compute_time":2.099999676374864e-07,"total_compute_time":4.510000053414842e-07,"tp_compute_time":0.0},"makespan":12.917374610900879,"nodes_expanded":25,"nodes_visited":2801,"solved":true}