{"Timer":{"mp_compute_time":4.600000025334339e-08,"s_compute_time":1.000000082740371e-09,"ta_compute_time":4.999999703159119e-08,"total_compute_time":9.699999736767495e-08,"tp_compute_time":0.0},"makespan":3.4782989025115967,"nodes_expanded":16,"nodes_visited":1349,"solved":true}