{"Timer":{"mp_compute_time":6.199999091904829e-08,"s_compute_time":0.0,"ta_compute_time":2.1400001060101204e-07,"total_compute_time":2.760000086254877e-07,"tp_compute_time":0.0},"makespan":13.711404800415039,"nodes_expanded":37,"nodes_visited":2748,"solved":true}