{"Timer":{"mp_compute_time":5.4000000915266355e-08,"s_compute_time":0.0,"ta_compute_time":1.3599999704183574e-07,"total_compute_time":1.8999999440438842e-07,"tp_compute_time":0.0},"makespan":12.435824394226074,"nodes_expanded":17,"nodes_visited":2040,"solved":true}