{"Timer":{"mp_compute_time":5.5000000998006726e-08,"s_compute_time":0.0,"ta_compute_time":1.610000026630587e-07,"total_compute_time":2.1600000366106542e-07,"tp_compute_time":0.0},"makespan":8.896471977233887,"nodes_expanded":19,"nodes_visited":1992,"solved":true}