{"Timer":{"mp_compute_time":1.3599999704183574e-07,"s_compute_time":1.9999930600533844e-09,"ta_compute_time":3.359999993790552e-07,"total_compute_time":4.7399998948094435e-07,"tp_compute_time":0.0},"makespan":12.948202133178711,"nodes_expanded":24,"nodes_visited":3638,"solved":true}