{"Timer":{"mp_compute_time":4.600000025334339e-08,"s_compute_time":0.0,"ta_compute_time":1.2499999968440534e-07,"total_compute_time":1.7099999638503505e-07,"tp_compute_time":0.0},"makespan":12.915021896362305,"nodes_expanded":18,"nodes_visited":1940,"solved":true}