{"Timer":{"mp_compute_time":2.789998916341574e-07,"s_compute_time":9.999894245993346e-10,"ta_compute_time":2.0900012032143422e-07,"total_compute_time":4.89000001380191e-07,"tp_compute_time":0.0},"makespan":12.721343994140625,"nodes_expanded":20,"nodes_visited":2470,"solved":true}