{"Timer":{"mp_compute_time":6.299998744907498e-08,"s_compute_time":0.0,"ta_compute_time":3.7000013719534763e-08,"total_compute_time":1.0000000116860974e-07,"tp_compute_time":0.0},"makespan":3.741274833679199,"nodes_expanded":15,"nodes_visited":1094,"solved":true}