{"Timer":{"mp_compute_time":8.399994300134495e-08,"s_compute_time":0.0,"ta_compute_time":1.860000509168458e-07,"total_compute_time":2.699999868127634e-07,"tp_compute_time":0.0},"makespan":12.299089431762695,"nodes_expanded":21,"nodes_visited":2479,"solved":true}