{"Timer":{"mp_compute_time":2.3000000126671694e-08,"s_compute_time":0.0,"ta_compute_time":1.899999979571021e-08,"total_compute_time":4.19999999223819e-08,"tp_compute_time":0.0},"makespan":4.747424125671387,"nodes_expanded":10,"nodes_visited":630,"solved":true}