{"Timer":{"mp_compute_time":3.999999975690116e-08,"s_compute_time":0.0,"ta_compute_time":2.289999940785492e-07,"total_compute_time":2.6899999738816405e-07,"tp_compute_time":0.0},"makespan":5.707315444946289,"nodes_expanded":38,"nodes_visited":2510,"solved":true}