{"Timer":{"mp_compute_time":1.1199995242350269e-07,"s_compute_time":1.0000036354540498e-09,"ta_compute_time":2.2000004662459105e-07,"total_compute_time":3.330000026835478e-07,"tp_compute_time":0.0},"makespan":15.87219524383545,"nodes_expanded":21,"nodes_visited":2632,"solved":true}