{"Timer":{"mp_compute_time":1.6399995672600198e-07,"s_compute_time":2.842170943040401e-14,"ta_compute_time":1.1400000232697494e-07,"total_compute_time":2.7799998747468635e-07,"tp_compute_time":0.0},"makespan":25.901752471923828,"nodes_expanded":17,"nodes_visited":1915,"solved":true}