{"Timer":{"mp_compute_time":1.0199993738524427e-07,"s_compute_time":9.999965300266922e-10,"ta_compute_time":1.2000006677226338e-07,"total_compute_time":2.2300000068753434e-07,"tp_compute_time":0.0},"makespan":12.747586250305176,"nodes_expanded":19,"nodes_visited":2084,"solved":true}