{"Timer":{"mp_compute_time":1.899999979571021e-08,"s_compute_time":0.0,"ta_compute_time":7.000000579182597e-09,"total_compute_time":2.6000000374892807e-08,"tp_compute_time":0.0},"makespan":12.715115547180176,"nodes_expanded":10,"nodes_visited":197,"solved":true}