{"Timer":{"mp_compute_time":3.3999999260458935e-08,"s_compute_time":0.0,"ta_compute_time":-3.199999909497819e-08,"total_compute_time":2.000000165480742e-09,"tp_compute_time":0.0},"makespan":6.873164653778076,"nodes_expanded":10,"nodes_visited":315,"solved":true}