{"Timer":{"mp_compute_time":4.90000005015645e-08,"s_compute_time":0.0,"ta_compute_time":4.099999983964153e-08,"total_compute_time":9.000000034120603e-08,"tp_compute_time":0.0},"makespan":4.475564002990723,"nodes_expanded":13,"nodes_visited":1014,"solved":true}