{"Timer":{"mp_compute_time":4.800000041882413e-08,"s_compute_time":0.0,"ta_compute_time":5.200000074978561e-08,"total_compute_time":1.0000000116860974e-07,"tp_compute_time":0.0},"makespan":7.497854709625244,"nodes_expanded":13,"nodes_visited":1170,"solved":true}