{"Timer":{"mp_compute_time":1.1000000021965661e-08,"s_compute_time":0.0,"ta_compute_time":-4.999999969612645e-09,"total_compute_time":0.0,"tp_compute_time":-6.000000052353016e-09},"makespan":4.758532524108887,"nodes_expanded":13,"nodes_visited":1005,"solved":true}