{"Timer":{"mp_compute_time":1.1199989558008383e-07,"s_compute_time":1.1999986782029737e-08,"ta_compute_time":1.8322998585063033e-05,"total_compute_time":1.8446999092702754e-05,"tp_compute_time":0.0},"makespan":13.90014362335205,"nodes_expanded":5532,"nodes_visited":60868,"solved":true}