{"Timer":{"mp_compute_time":3.4999999343199306e-08,"s_compute_time":3.000000248221113e-09,"ta_compute_time":1.000000082740371e-09,"total_compute_time":3.899999967416079e-08,"tp_compute_time":0.0},"makespan":23.63174057006836,"nodes_expanded":22,"nodes_visited":3465,"solved":true}