{"Timer":{"mp_compute_time":6.09999943890216e-08,"s_compute_time":0.0,"ta_compute_time":3.900000677958815e-08,"total_compute_time":1.0000000116860974e-07,"tp_compute_time":0.0},"makespan":12.54056167602539,"nodes_expanded":13,"nodes_visited":1014,"solved":true}