{"Timer":{"mp_compute_time":1.6999999630229468e-08,"s_compute_time":0.0,"ta_compute_time":-4.999999525523435e-09,"total_compute_time":0.0,"tp_compute_time":-1.2000000104706032e-08},"makespan":13.290592193603516,"nodes_expanded":16,"nodes_visited":1705,"solved":true}