{"Timer":{"mp_compute_time":4.5000000170603016e-08,"s_compute_time":3.000000248221113e-09,"ta_compute_time":-7.000000579182597e-09,"total_compute_time":4.099999983964153e-08,"tp_compute_time":0.0},"makespan":17.26854705810547,"nodes_expanded":23,"nodes_visited":3795,"solved":true}