{"Timer":{"mp_compute_time":4.3000000005122274e-08,"s_compute_time":1.000000082740371e-09,"ta_compute_time":3.3999999260458935e-08,"total_compute_time":7.799999934832158e-08,"tp_compute_time":0.0},"makespan":7.189863204956055,"nodes_expanded":17,"nodes_visited":335,"solved":true}