{"Timer":{"mp_compute_time":2.900000062311392e-08,"s_compute_time":0.0,"ta_compute_time":2.2500000795844244e-07,"total_compute_time":2.540000139106269e-07,"tp_compute_time":0.0},"makespan":4.682519912719727,"nodes_expanded":63,"nodes_visited":3031,"solved":true}