{"Timer":{"mp_compute_time":1.0199993027981691e-07,"s_compute_time":0.0,"ta_compute_time":2.79000062164414e-07,"total_compute_time":3.810000066550856e-07,"tp_compute_time":0.0},"makespan":12.270772933959961,"nodes_expanded":25,"nodes_visited":3370,"solved":true}