{"Timer":{"mp_compute_time":9.99999993922529e-09,"s_compute_time":0.0,"ta_compute_time":-8.99999985648492e-09,"total_compute_time":1.000000082740371e-09,"tp_compute_time":0.0},"makespan":18.449260711669922,"nodes_expanded":9,"nodes_visited":189,"solved":true}