{"Timer":{"mp_compute_time":6.899997373466249e-08,"s_compute_time":7.99999355649561e-09,"ta_compute_time":3.524000021570828e-06,"total_compute_time":3.600999889386003e-06,"tp_compute_time":0.0},"makespan":14.953397750854492,"nodes_expanded":16553,"nodes_visited":133393,"solved":true}