{"Timer":{"mp_compute_time":2.3000000126671694e-08,"s_compute_time":2.000000165480742e-09,"ta_compute_time":-1.899999979571021e-08,"total_compute_time":0.0,"tp_compute_time":-6.000000052353016e-09},"makespan":13.358551979064941,"nodes_expanded":13,"nodes_visited":1014,"solved":true}