{"Timer":{"mp_compute_time":5.000000058430487e-08,"s_compute_time":2.000000165480742e-09,"ta_compute_time":-1.4000001158365194e-08,"total_compute_time":0.0,"tp_compute_time":-3.799999959142042e-08},"makespan":18.458831787109375,"nodes_expanded":24,"nodes_visited":3722,"solved":true}