{"Timer":{"mp_compute_time":3.099999901223782e-08,"s_compute_time":0.0,"ta_compute_time":4.4000003640576324e-08,"total_compute_time":7.500000265281415e-08,"tp_compute_time":0.0},"makespan":3.056211471557617,"nodes_expanded":15,"nodes_visited":1115,"solved":true}