{"Timer":{"mp_compute_time":2.099999996119095e-08,"s_compute_time":0.0,"ta_compute_time":1.7099999638503505e-07,"total_compute_time":1.9200000167529652e-07,"tp_compute_time":0.0},"makespan":2.294735908508301,"nodes_expanded":261,"nodes_visited":3854,"solved":true}