{"Timer":{"mp_compute_time":2.800000054037355e-08,"s_compute_time":1.9999983891239026e-09,"ta_compute_time":-2.0999998184834112e-08,"total_compute_time":0.0,"tp_compute_time":-8.99999985648492e-09},"makespan":14.614725112915039,"nodes_expanded":14,"nodes_visited":1274,"solved":true}