{"Timer":{"mp_compute_time":3.699999950868005e-08,"s_compute_time":0.0,"ta_compute_time":3.6000002978653356e-08,"total_compute_time":7.30000024873334e-08,"tp_compute_time":0.0},"makespan":4.210317134857178,"nodes_expanded":12,"nodes_visited":924,"solved":true}