{"Timer":{"mp_compute_time":8.699998232941653e-08,"s_compute_time":7.105427357601002e-15,"ta_compute_time":1.50000118992466e-08,"total_compute_time":1.0200000133409048e-07,"tp_compute_time":0.0},"makespan":5.270962715148926,"nodes_expanded":10,"nodes_visited":315,"solved":true}