{"Timer":{"mp_compute_time":2.5599999275982555e-07,"s_compute_time":1.000017846308765e-09,"ta_compute_time":1.939999947353499e-07,"total_compute_time":4.510000053414842e-07,"tp_compute_time":0.0},"makespan":15.31658935546875,"nodes_expanded":19,"nodes_visited":2394,"solved":true}