{"Timer":{"mp_compute_time":3.3999999260458935e-08,"s_compute_time":0.0,"ta_compute_time":2.0299999903272692e-07,"total_compute_time":2.3699999474047218e-07,"tp_compute_time":0.0},"makespan":3.7645039558410645,"nodes_expanded":45,"nodes_visited":3181,"solved":true}