{"Timer":{"mp_compute_time":4.800000041882413e-08,"s_compute_time":0.0,"ta_compute_time":8.899999670575198e-08,"total_compute_time":1.370000006772898e-07,"tp_compute_time":0.0},"makespan":12.614754676818848,"nodes_expanded":18,"nodes_visited":1785,"solved":true}