{"Timer":{"mp_compute_time":7.999999773744548e-09,"s_compute_time":0.0,"ta_compute_time":-4.999999525523435e-09,"total_compute_time":0.0,"tp_compute_time":-3.000000026176508e-09},"makespan":6.146337509155273,"nodes_expanded":11,"nodes_visited":710,"solved":true}