{"Timer":{"mp_compute_time":1.4000000270186774e-08,"s_compute_time":0.0,"ta_compute_time":9.999991945619513e-10,"total_compute_time":0.0,"tp_compute_time":-1.4999999464748726e-08},"makespan":13.030418395996094,"nodes_expanded":16,"nodes_visited":1920,"solved":true}