{"Timer":{"mp_compute_time":4.800000041882413e-08,"s_compute_time":0.0,"ta_compute_time":9.099998976580537e-08,"total_compute_time":1.3899999373734317e-07,"tp_compute_time":0.0},"makespan":17.011735916137695,"nodes_expanded":16,"nodes_visited":1715,"solved":true}