{"Timer":{"mp_compute_time":3.2999999177718564e-08,"s_compute_time":2.3000001903028533e-08,"ta_compute_time":1.3996999769005924e-05,"total_compute_time":1.4053000086278189e-05,"tp_compute_time":0.0},"makespan":5.018411636352539,"nodes_expanded":63985,"nodes_visited":350159,"solved":true}