{"Timer":{"mp_compute_time":8.99999985648492e-09,"s_compute_time":0.0,"ta_compute_time":-5.999999608263806e-09,"total_compute_time":3.000000248221113e-09,"tp_compute_time":0.0},"makespan":23.322864532470703,"nodes_expanded":10,"nodes_visited":585,"solved":true}