{"Timer":{"mp_compute_time":2.7000000457633178e-08,"s_compute_time":1.000000082740371e-09,"ta_compute_time":-1.8000001489326678e-08,"total_compute_time":9.99999905104687e-09,"tp_compute_time":0.0},"makespan":5.531517028808594,"nodes_expanded":13,"nodes_visited":1014,"solved":true}