{"Timer":{"mp_compute_time":2.800000054037355e-08,"s_compute_time":0.0,"ta_compute_time":1.9999983891239026e-09,"total_compute_time":2.999999892949745e-08,"tp_compute_time":0.0},"makespan":19.317169189453125,"nodes_expanded":22,"nodes_visited":3003,"solved":true}