{"Timer":{"mp_compute_time":7.899996035121148e-08,"s_compute_time":9.999965300266922e-10,"ta_compute_time":1.6800004232209176e-07,"total_compute_time":2.479999920979026e-07,"tp_compute_time":0.0},"makespan":13.178013801574707,"nodes_expanded":18,"nodes_visited":2142,"solved":true}