{"Timer":{"mp_compute_time":2.5000000292152436e-08,"s_compute_time":0.0,"ta_compute_time":1.999999987845058e-08,"total_compute_time":4.5000000170603016e-08,"tp_compute_time":0.0},"makespan":2.5571675300598145,"nodes_expanded":13,"nodes_visited":696,"solved":true}