{"Timer":{"mp_compute_time":6.499998050912836e-08,"s_compute_time":9.999965300266922e-10,"ta_compute_time":8.500001769107257e-08,"total_compute_time":1.5099999473022763e-07,"tp_compute_time":0.0},"makespan":13.768957138061523,"nodes_expanded":16,"nodes_visited":1560,"solved":true}