{"Timer":{"mp_compute_time":2.5000000292152436e-08,"s_compute_time":0.0,"ta_compute_time":9.99999905104687e-09,"total_compute_time":3.4999999343199306e-08,"tp_compute_time":0.0},"makespan":4.966063499450684,"nodes_expanded":11,"nodes_visited":174,"solved":true}