{"Timer":{"mp_compute_time":2.2000000043931323e-08,"s_compute_time":0.0,"ta_compute_time":0.0,"total_compute_time":0.0,"tp_compute_time":-2.2000000043931323e-08},"makespan":6.126689910888672,"nodes_expanded":20,"nodes_visited":2635,"solved":true}