{"Timer":{"mp_compute_time":1.5599997027493373e-07,"s_compute_time":1.0000320571634802e-09,"ta_compute_time":1.1199999505606684e-07,"total_compute_time":2.6899999738816405e-07,"tp_compute_time":0.0},"makespan":13.062479972839355,"nodes_expanded":19,"nodes_visited":2015,"solved":true}