{"Timer":{"mp_compute_time":2.2000000043931323e-08,"s_compute_time":0.0,"ta_compute_time":1.3999999382008355e-08,"total_compute_time":0.0,"tp_compute_time":-3.599999942593968e-08},"makespan":17.182941436767578,"nodes_expanded":24,"nodes_visited":3731,"solved":true}