{"Timer":{"mp_compute_time":3.699999950868005e-08,"s_compute_time":6.000000496442226e-09,"ta_compute_time":3.417000016270322e-06,"total_compute_time":3.460000016275444e-06,"tp_compute_time":0.0},"makespan":3.9277427196502686,"nodes_expanded":2948,"nodes_visited":97825,"solved":true}