{"Timer":{"mp_compute_time":6.30000016599297e-08,"s_compute_time":0.0,"ta_compute_time":1.479999980347202e-07,"total_compute_time":2.109999996946499e-07,"tp_compute_time":0.0},"makespan":4.825584411621094,"nodes_expanded":22,"nodes_visited":2210,"solved":true}