{"Timer":{"mp_compute_time":2.5000000292152436e-08,"s_compute_time":1.000000082740371e-09,"ta_compute_time":-6.000000496442226e-09,"total_compute_time":0.0,"tp_compute_time":-1.999999987845058e-08},"makespan":14.395572662353516,"nodes_expanded":17,"nodes_visited":2176,"solved":true}