{"Timer":{"mp_compute_time":7.999997819752025e-08,"s_compute_time":0.0,"ta_compute_time":5.130000317876693e-07,"total_compute_time":5.929999815634801e-07,"tp_compute_time":0.0},"makespan":4.80567741394043,"nodes_expanded":69,"nodes_visited":4732,"solved":true}