{"Timer":{"mp_compute_time":1.799999971296984e-08,"s_compute_time":0.0,"ta_compute_time":1.1000000910144081e-08,"total_compute_time":2.900000062311392e-08,"tp_compute_time":0.0},"makespan":15.819160461425781,"nodes_expanded":21,"nodes_visited":3010,"solved":true}