{"Timer":{"mp_compute_time":5.000000058430487e-08,"s_compute_time":0.0,"ta_compute_time":1.7099999638503505e-07,"total_compute_time":2.2099999341662624e-07,"tp_compute_time":0.0},"makespan":12.392202377319336,"nodes_expanded":18,"nodes_visited":2096,"solved":true}