{"Timer":{"mp_compute_time":5.900000132896821e-08,"s_compute_time":0.0,"ta_compute_time":2.550000033352262e-07,"total_compute_time":3.140000046641944e-07,"tp_compute_time":0.0},"makespan":12.826703071594238,"nodes_expanded":22,"nodes_visited":3003,"solved":true}