{"Timer":{"mp_compute_time":1.4000000270186774e-08,"s_compute_time":0.0,"ta_compute_time":2.9999993600426933e-09,"total_compute_time":0.0,"tp_compute_time":-1.6999999630229468e-08},"makespan":13.928831100463867,"nodes_expanded":17,"nodes_visited":2176,"solved":true}