{"Timer":{"mp_compute_time":2.999999892949745e-08,"s_compute_time":0.0,"ta_compute_time":2.6000002151249646e-08,"total_compute_time":5.60000010807471e-08,"tp_compute_time":0.0},"makespan":5.596105575561523,"nodes_expanded":26,"nodes_visited":411,"solved":true}