{"Timer":{"mp_compute_time":2.0400004530074511e-07,"s_compute_time":1.0000036354540498e-09,"ta_compute_time":1.969999630091479e-07,"total_compute_time":4.0200001194534707e-07,"tp_compute_time":0.0},"makespan":13.310493469238281,"nodes_expanded":19,"nodes_visited":2591,"solved":true}