{"Timer":{"mp_compute_time":7.699998860744017e-08,"s_compute_time":5.000011071842891e-09,"ta_compute_time":-5.599999752803342e-08,"total_compute_time":2.6000002151249646e-08,"tp_compute_time":0.0},"makespan":28.260231018066406,"nodes_expanded":20,"nodes_visited":2660,"solved":true}