{"Timer":{"mp_compute_time":1.799999971296984e-08,"s_compute_time":0.0,"ta_compute_time":2.800000054037355e-08,"total_compute_time":4.600000025334339e-08,"tp_compute_time":0.0},"makespan":2.779026746749878,"nodes_expanded":11,"nodes_visited":657,"solved":true}