{"Timer":{"mp_compute_time":5.900000132896821e-08,"s_compute_time":0.0,"ta_compute_time":9.400000067216752e-08,"total_compute_time":1.5300000200113573e-07,"tp_compute_time":0.0},"makespan":12.356645584106445,"nodes_expanded":17,"nodes_visited":1591,"solved":true}