{"Timer":{"mp_compute_time":9.89999620060189e-08,"s_compute_time":1.0000036354540498e-09,"ta_compute_time":2.2550002540810965e-06,"total_compute_time":2.3550001060357317e-06,"tp_compute_time":0.0},"makespan":4.770459175109863,"nodes_expanded":461,"nodes_visited":30078,"solved":true}