{"Timer":{"mp_compute_time":1.1000000021965661e-08,"s_compute_time":0.0,"ta_compute_time":-2.000000165480742e-09,"total_compute_time":8.99999985648492e-09,"tp_compute_time":0.0},"makespan":5.286806583404541,"nodes_expanded":15,"nodes_visited":1290,"solved":true}