{"Timer":{"mp_compute_time":1.1199995242350269e-07,"s_compute_time":0.0,"ta_compute_time":7.200004858987086e-08,"total_compute_time":1.8400000101337355e-07,"tp_compute_time":0.0},"makespan":12.716629028320313,"nodes_expanded":15,"nodes_visited":1442,"solved":true}