{"Timer":{"mp_compute_time":1.6999999630229468e-08,"s_compute_time":0.0,"ta_compute_time":0.0,"total_compute_time":1.6999999630229468e-08,"tp_compute_time":0.0},"makespan":8.956043243408203,"nodes_expanded":19,"nodes_visited":1992,"solved":true}