{"Timer":{"mp_compute_time":6.599998414458241e-08,"s_compute_time":1.0000036354540498e-09,"ta_compute_time":1.600001553470065e-08,"total_compute_time":8.300000331473711e-08,"tp_compute_time":0.0},"makespan":13.24159049987793,"nodes_expanded":13,"nodes_visited":252,"solved":true}