{"Timer":{"mp_compute_time":2.5000000292152436e-08,"s_compute_time":2.000000165480742e-09,"ta_compute_time":-2.000000165480742e-09,"total_compute_time":0.0,"tp_compute_time":-2.5000000292152436e-08},"makespan":24.074813842773438,"nodes_expanded":21,"nodes_visited":2804,"solved":true}