{"Timer":{"mp_compute_time":6.599997703915506e-08,"s_compute_time":0.0,"ta_compute_time":9.400002198844959e-08,"total_compute_time":1.5999999902760464e-07,"tp_compute_time":0.0},"makespan":13.024627685546875,"nodes_expanded":16,"nodes_visited":1705,"solved":true}