{"Timer":{"mp_compute_time":8.599999290481719e-08,"s_compute_time":0.0,"ta_compute_time":1.8000008594754036e-08,"total_compute_time":1.0400000149957123e-07,"tp_compute_time":0.0},"makespan":6.211609840393066,"nodes_expanded":11,"nodes_visited":330,"solved":true}