{"Timer":{"mp_compute_time":2.800000054037355e-08,"s_compute_time":1.000000082740371e-09,"ta_compute_time":1.3999999382008355e-08,"total_compute_time":4.3000000005122274e-08,"tp_compute_time":0.0},"makespan":12.560300827026367,"nodes_expanded":11,"nodes_visited":275,"solved":true}