{"Timer":{"mp_compute_time":1.799999971296984e-08,"s_compute_time":0.0,"ta_compute_time":2.4000000209412065e-08,"total_compute_time":4.19999999223819e-08,"tp_compute_time":0.0},"makespan":5.568117141723633,"nodes_expanded":11,"nodes_visited":354,"solved":true}