{"Timer":{"mp_compute_time":6.699997356918175e-08,"s_compute_time":0.0,"ta_compute_time":7.000025448178349e-09,"total_compute_time":7.39999990173601e-08,"tp_compute_time":0.0},"makespan":14.88554573059082,"nodes_expanded":8,"nodes_visited":123,"solved":true}