{"Timer":{"mp_compute_time":7.999999773744548e-09,"s_compute_time":0.0,"ta_compute_time":-4.999999525523435e-09,"total_compute_time":0.0,"tp_compute_time":-3.000000026176508e-09},"makespan":8.008431434631348,"nodes_expanded":10,"nodes_visited":630,"solved":true}