{"Timer":{"mp_compute_time":3.899999967416079e-08,"s_compute_time":2.000000165480742e-09,"ta_compute_time":-3.099999901223782e-08,"total_compute_time":0.0,"tp_compute_time":-9.99999993922529e-09},"makespan":8.22027587890625,"nodes_expanded":17,"nodes_visited":1460,"solved":true}