{"Timer":{"mp_compute_time":2.2000000043931323e-08,"s_compute_time":0.0,"ta_compute_time":1.4999999464748726e-08,"total_compute_time":3.699999950868005e-08,"tp_compute_time":0.0},"makespan":2.493241786956787,"nodes_expanded":13,"nodes_visited":628,"solved":true}