{"Timer":{"mp_compute_time":1.489999590376101e-07,"s_compute_time":0.0,"ta_compute_time":3.3300005952696665e-07,"total_compute_time":4.820000185645767e-07,"tp_compute_time":0.0},"makespan":12.933178901672363,"nodes_expanded":25,"nodes_visited":3541,"solved":true}