{"Timer":{"mp_compute_time":2.800000054037355e-08,"s_compute_time":0.0,"ta_compute_time":1.1099999142061279e-07,"total_compute_time":1.3899999373734317e-07,"tp_compute_time":0.0},"makespan":4.684464931488037,"nodes_expanded":25,"nodes_visited":1778,"solved":true}