{"Timer":{"mp_compute_time":1.2199994614547904e-07,"s_compute_time":2.000021481762815e-09,"ta_compute_time":1.3700002909899922e-07,"total_compute_time":2.609999967262411e-07,"tp_compute_time":0.0},"makespan":12.632415771484375,"nodes_expanded":21,"nodes_visited":2162,"solved":true}