{"Timer":{"mp_compute_time":1.6999999630229468e-08,"s_compute_time":1.000000082740371e-09,"ta_compute_time":-2.000000165480742e-09,"total_compute_time":0.0,"tp_compute_time":-1.5999999547489097e-08},"makespan":13.186088562011719,"nodes_expanded":17,"nodes_visited":2063,"solved":true}