{"Timer":{"mp_compute_time":5.60000010807471e-08,"s_compute_time":0.0,"ta_compute_time":3.899999612144711e-08,"total_compute_time":9.499999720219421e-08,"tp_compute_time":0.0},"makespan":8.718093872070313,"nodes_expanded":12,"nodes_visited":858,"solved":true}