{"Timer":{"mp_compute_time":3.699999950868005e-08,"s_compute_time":0.0,"ta_compute_time":9.700000447310231e-08,"total_compute_time":1.3400000398178236e-07,"tp_compute_time":0.0},"makespan":13.00075912475586,"nodes_expanded":16,"nodes_visited":1680,"solved":true}