{"Timer":{"mp_compute_time":1.5999999547489097e-08,"s_compute_time":0.0,"ta_compute_time":-1.1999999216527613e-08,"total_compute_time":0.0,"tp_compute_time":-3.999999886872274e-09},"makespan":5.054338455200195,"nodes_expanded":11,"nodes_visited":770,"solved":true}