{"Timer":{"mp_compute_time":1.899999979571021e-08,"s_compute_time":1.000000082740371e-09,"ta_compute_time":-7.999999773744548e-09,"total_compute_time":0.0,"tp_compute_time":-1.2000000104706032e-08},"makespan":13.260632514953613,"nodes_expanded":16,"nodes_visited":1680,"solved":true}