{"Timer":{"mp_compute_time":3.3999999260458935e-08,"s_compute_time":3.000000248221113e-09,"ta_compute_time":-1.3999999382008355e-08,"total_compute_time":0.0,"tp_compute_time":-2.3000000126671694e-08},"makespan":14.856409072875977,"nodes_expanded":20,"nodes_visited":2735,"solved":true}