{"Timer":{"mp_compute_time":6.199999802447564e-08,"s_compute_time":5.000003966415534e-09,"ta_compute_time":-3.899999967416079e-08,"total_compute_time":0.0,"tp_compute_time":-2.800000054037355e-08},"makespan":27.030080795288086,"nodes_expanded":22,"nodes_visited":3003,"solved":true}