{"Timer":{"mp_compute_time":1.4000000270186774e-08,"s_compute_time":0.0,"ta_compute_time":-2.000000165480742e-09,"total_compute_time":0.0,"tp_compute_time":-1.2000000104706032e-08},"makespan":14.672713279724121,"nodes_expanded":17,"nodes_visited":1686,"solved":true}