{"Timer":{"mp_compute_time":1.999999987845058e-08,"s_compute_time":1.000000082740371e-09,"ta_compute_time":-2.000000165480742e-09,"total_compute_time":0.0,"tp_compute_time":-1.899999979571021e-08},"makespan":14.077768325805664,"nodes_expanded":19,"nodes_visited":2302,"solved":true}