{"Timer":{"mp_compute_time":9.99999993922529e-09,"s_compute_time":0.0,"ta_compute_time":-2.999999804131903e-09,"total_compute_time":0.0,"tp_compute_time":-7.000000135093387e-09},"makespan":4.694803237915039,"nodes_expanded":14,"nodes_visited":1104,"solved":true}