{"Timer":{"mp_compute_time":1.4999999464748726e-08,"s_compute_time":0.0,"ta_compute_time":-7.999998885566129e-09,"total_compute_time":0.0,"tp_compute_time":-7.000000135093387e-09},"makespan":14.835564613342285,"nodes_expanded":14,"nodes_visited":1092,"solved":true}