{"Timer":{"mp_compute_time":1.5999999547489097e-08,"s_compute_time":0.0,"ta_compute_time":-4.999999525523435e-09,"total_compute_time":0.0,"tp_compute_time":-1.1000000021965661e-08},"makespan":12.850931167602539,"nodes_expanded":16,"nodes_visited":1564,"solved":true}