{"Timer":{"mp_compute_time":2.4000000209412065e-08,"s_compute_time":0.0,"ta_compute_time":8.9999989683065e-09,"total_compute_time":0.0,"tp_compute_time":-3.2999999177718564e-08},"makespan":18.385019302368164,"nodes_expanded":24,"nodes_visited":3460,"solved":true}