{"Timer":{"mp_compute_time":1.4000000270186774e-08,"s_compute_time":0.0,"ta_compute_time":-4.000000330961484e-09,"total_compute_time":0.0,"tp_compute_time":-9.99999993922529e-09},"makespan":14.428470611572266,"nodes_expanded":16,"nodes_visited":1514,"solved":true}