{"Timer":{"mp_compute_time":1.3000000187446403e-08,"s_compute_time":0.0,"ta_compute_time":0.0,"total_compute_time":0.0,"tp_compute_time":-1.3000000187446403e-08},"makespan":5.87298059463501,"nodes_expanded":18,"nodes_visited":1757,"solved":true}