{"Timer":{"mp_compute_time":2.3000000126671694e-08,"s_compute_time":0.0,"ta_compute_time":-5.000000413701855e-09,"total_compute_time":0.0,"tp_compute_time":-1.799999971296984e-08},"makespan":13.84850025177002,"nodes_expanded":17,"nodes_visited":2040,"solved":true}