{"Timer":{"mp_compute_time":1.2000000104706032e-08,"s_compute_time":1.000000082740371e-09,"ta_compute_time":-5.000000413701855e-09,"total_compute_time":0.0,"tp_compute_time":-7.999999773744548e-09},"makespan":14.608534812927246,"nodes_expanded":14,"nodes_visited":1212,"solved":true}