{"Timer":{"mp_compute_time":1.4999999464748726e-08,"s_compute_time":0.0,"ta_compute_time":-2.9999993600426933e-09,"total_compute_time":0.0,"tp_compute_time":-1.2000000104706032e-08},"makespan":16.744691848754883,"nodes_expanded":16,"nodes_visited":1696,"solved":true}