{"Timer":{"mp_compute_time":4.19999999223819e-08,"s_compute_time":1.000000082740371e-09,"ta_compute_time":1.6999997853872628e-08,"total_compute_time":0.0,"tp_compute_time":-5.99999978589949e-08},"makespan":14.896598815917969,"nodes_expanded":20,"nodes_visited":2735,"solved":true}