{"Timer":{"mp_compute_time":2.800000054037355e-08,"s_compute_time":1.000000082740371e-09,"ta_compute_time":-1.5000001241105565e-08,"total_compute_time":-1.7763568394002505e-15,"tp_compute_time":-1.4000000270186774e-08},"makespan":14.705625534057617,"nodes_expanded":16,"nodes_visited":1696,"solved":true}