{"Timer":{"mp_compute_time":1.799999971296984e-08,"s_compute_time":0.0,"ta_compute_time":8.000000661922968e-09,"total_compute_time":0.0,"tp_compute_time":-2.6000000374892807e-08},"makespan":14.258052825927734,"nodes_expanded":20,"nodes_visited":3040,"solved":true}