{"Timer":{"mp_compute_time":4.600000025334339e-08,"s_compute_time":1.000000082740371e-09,"ta_compute_time":-3.599999942593968e-08,"total_compute_time":0.0,"tp_compute_time":-1.1000000021965661e-08},"makespan":14.785778045654297,"nodes_expanded":15,"nodes_visited":1575,"solved":true}