{"Timer":{"mp_compute_time":2.4000000209412065e-08,"s_compute_time":0.0,"ta_compute_time":1.999999987845058e-08,"total_compute_time":0.0,"tp_compute_time":-4.4000000087862645e-08},"makespan":26.36372184753418,"nodes_expanded":24,"nodes_visited":4015,"solved":true}