{"Timer":{"mp_compute_time":3.799999959142042e-08,"s_compute_time":2.000000165480742e-09,"ta_compute_time":6.000000496442226e-09,"total_compute_time":0.0,"tp_compute_time":-4.600000025334339e-08},"makespan":17.198877334594727,"nodes_expanded":19,"nodes_visited":2465,"solved":true}