{"Timer":{"mp_compute_time":1.2000000104706032e-08,"s_compute_time":0.0,"ta_compute_time":-4.000000330961484e-09,"total_compute_time":0.0,"tp_compute_time":-7.999999773744548e-09},"makespan":13.300725936889648,"nodes_expanded":13,"nodes_visited":1092,"solved":true}