{"Timer":{"mp_compute_time":2.3000000126671694e-08,"s_compute_time":2.000000165480742e-09,"ta_compute_time":-8.000000661922968e-09,"total_compute_time":0.0,"tp_compute_time":-1.6999999630229468e-08},"makespan":10.222634315490723,"nodes_expanded":18,"nodes_visited":2142,"solved":true}