{"Timer":{"mp_compute_time":1.6999999630229468e-08,"s_compute_time":0.0,"ta_compute_time":-7.999999773744548e-09,"total_compute_time":0.0,"tp_compute_time":-8.99999985648492e-09},"makespan":13.40207576751709,"nodes_expanded":15,"nodes_visited":1365,"solved":true}