{"Timer":{"mp_compute_time":3.799999959142042e-08,"s_compute_time":1.000000082740371e-09,"ta_compute_time":-1.3999999382008355e-08,"total_compute_time":0.0,"tp_compute_time":-2.5000000292152436e-08},"makespan":13.938197135925293,"nodes_expanded":24,"nodes_visited":2998,"solved":true}