{"Timer":{"mp_compute_time":7.000000135093387e-09,"s_compute_time":0.0,"ta_compute_time":-3.000000248221113e-09,"total_compute_time":0.0,"tp_compute_time":-3.999999886872274e-09},"makespan":4.736337184906006,"nodes_expanded":11,"nodes_visited":711,"solved":true}