{"Timer":{"mp_compute_time":1.2000000104706032e-08,"s_compute_time":0.0,"ta_compute_time":-3.000000248221113e-09,"total_compute_time":0.0,"tp_compute_time":-8.99999985648492e-09},"makespan":5.243353843688965,"nodes_expanded":14,"nodes_visited":1365,"solved":true}