{"Timer":{"mp_compute_time":3.480000430045038e-07,"s_compute_time":0.0,"ta_compute_time":5.5999947790041915e-08,"total_compute_time":4.0399999079454574e-07,"tp_compute_time":0.0},"makespan":1073.369873046875,"nodes_expanded":16,"nodes_visited":549,"solved":true}