{"Timer":{"mp_compute_time":6.150002036520164e-07,"s_compute_time":-1.7053025658242404e-13,"ta_compute_time":1.8799994450091617e-07,"total_compute_time":8.029999776226759e-07,"tp_compute_time":0.0},"makespan":1123.57177734375,"nodes_expanded":28,"nodes_visited":2221,"solved":true}