{"Timer":{"mp_compute_time":1.2700000979748438e-06,"s_compute_time":2.999854586960282e-09,"ta_compute_time":2.1200003175181337e-07,"total_compute_time":1.4849999843136175e-06,"tp_compute_time":0.0},"makespan":2298.74267578125,"nodes_expanded":17,"nodes_visited":816,"solved":true}