{"Timer":{"mp_compute_time":2.6409991278342204e-06,"s_compute_time":3.000195647473447e-09,"ta_compute_time":2.990007033076836e-07,"total_compute_time":2.9430000267893774e-06,"tp_compute_time":0.0},"makespan":2344.760986328125,"nodes_expanded":21,"nodes_visited":932,"solved":true}