{"Timer":{"mp_compute_time":1.2860001561421086e-06,"s_compute_time":7.999915396794677e-09,"ta_compute_time":1.8869999394155457e-06,"total_compute_time":3.181000010954449e-06,"tp_compute_time":0.0},"makespan":1757.2747802734375,"nodes_expanded":572,"nodes_visited":9499,"solved":true}