{"Timer":{"mp_compute_time":1.5440000424860045e-06,"s_compute_time":2.9999682737980038e-09,"ta_compute_time":6.000000052353016e-09,"total_compute_time":1.5530000609942363e-06,"tp_compute_time":0.0},"makespan":4430.33642578125,"nodes_expanded":17,"nodes_visited":816,"solved":true}