{"Timer":{"mp_compute_time":9.050000358001853e-07,"s_compute_time":1.999978849198669e-09,"ta_compute_time":5.900000132896821e-08,"total_compute_time":9.660000159783522e-07,"tp_compute_time":0.0},"makespan":1597.1148681640625,"nodes_expanded":13,"nodes_visited":468,"solved":true}