{"Timer":{"mp_compute_time":1.2390000847517513e-06,"s_compute_time":9.999894245993346e-09,"ta_compute_time":2.640000502651674e-07,"total_compute_time":1.513000029262912e-06,"tp_compute_time":0.0},"makespan":2169.25634765625,"nodes_expanded":17,"nodes_visited":816,"solved":true}