{"Timer":{"mp_compute_time":3.528999286572798e-06,"s_compute_time":6.000391294946894e-09,"ta_compute_time":2.8600038604054134e-07,"total_compute_time":3.821000063908286e-06,"tp_compute_time":0.0},"makespan":4078.59716796875,"nodes_expanded":17,"nodes_visited":816,"solved":true}