{
  "Timer": {
    "mp_compute_time": 3.320000416806579e-07,
    "s_compute_time": 0.0,
    "ta_compute_time": 6.799996299378108e-08,
    "total_compute_time": 4.0000000467443897e-07,
    "tp_compute_time": 0.0
  },
  "makespan": 5131.5185546875,
  "nodes_expanded": 16,
  "nodes_visited": 1320,
  "solved": true
}