{"Timer":{"mp_compute_time":1.4260001535149058e-06,"s_compute_time":9.999894245993346e-10,"ta_compute_time":1.4699980965815485e-07,"total_compute_time":1.57399995259766e-06,"tp_compute_time":0.0},"makespan":1128.38671875,"nodes_expanded":20,"nodes_visited":1740,"solved":true}