{"Timer":{"mp_compute_time":6.480002525677264e-07,"s_compute_time":9.997620509238914e-10,"ta_compute_time":1.349999934063817e-07,"total_compute_time":7.84000008025032e-07,"tp_compute_time":0.0},"makespan":1330.6566162109375,"nodes_expanded":17,"nodes_visited":1632,"solved":true}