{"Timer":{"mp_compute_time":2.3009999949863413e-06,"s_compute_time":9.999894245993346e-10,"ta_compute_time":1.339999471383635e-07,"total_compute_time":2.435999931549304e-06,"tp_compute_time":0.0},"makespan":1126.261474609375,"nodes_expanded":17,"nodes_visited":1632,"solved":true}