{"Timer":{"mp_compute_time":1.416000031895237e-06,"s_compute_time":2.9999682737980038e-09,"ta_compute_time":1.4999999464748726e-08,"total_compute_time":1.4339999552248628e-06,"tp_compute_time":0.0},"makespan":3491.8310546875,"nodes_expanded":17,"nodes_visited":1632,"solved":true}