{"Timer":{"mp_compute_time":1.6000001323845936e-06,"s_compute_time":6.000050234433729e-09,"ta_compute_time":3.5799973829853116e-07,"total_compute_time":1.9639999209175585e-06,"tp_compute_time":0.0},"makespan":2386.52880859375,"nodes_expanded":33,"nodes_visited":1112,"solved":true}