{"Timer":{"mp_compute_time":3.31999984837239e-07,"s_compute_time":1.000017846308765e-09,"ta_compute_time":1.999999943436137e-09,"total_compute_time":3.350000099544559e-07,"tp_compute_time":0.0},"makespan":1313.7333984375,"nodes_expanded":13,"nodes_visited":468,"solved":true}