{"Timer":{"mp_compute_time":1.8670002646103967e-06,"s_compute_time":2.9999682737980038e-09,"ta_compute_time":9.209998097503558e-07,"total_compute_time":2.7910000426345505e-06,"tp_compute_time":0.0},"makespan":1984.497802734375,"nodes_expanded":208,"nodes_visited":3839,"solved":true}