{"Timer":{"mp_compute_time":6.580000899703009e-07,"s_compute_time":1.9998651623609476e-09,"ta_compute_time":1.5000006214904715e-07,"total_compute_time":8.10000017281709e-07,"tp_compute_time":0.0},"makespan":1292.3974609375,"nodes_expanded":18,"nodes_visited":1712,"solved":true}