{"Timer":{"mp_compute_time":2.6099996830453165e-07,"s_compute_time":9.999894245993346e-10,"ta_compute_time":6.20000548678945e-08,"total_compute_time":3.240000125970255e-07,"tp_compute_time":0.0},"makespan":1578.6885986328125,"nodes_expanded":20,"nodes_visited":497,"solved":true}