{"Timer":{"mp_compute_time":8.060000027398928e-07,"s_compute_time":3.0000251172168646e-09,"ta_compute_time":1.5999999547489097e-08,"total_compute_time":8.250000291809556e-07,"tp_compute_time":0.0},"makespan":2366.70849609375,"nodes_expanded":17,"nodes_visited":1632,"solved":true}