{"Timer":{"mp_compute_time":2.559999643381161e-07,"s_compute_time":0.0,"ta_compute_time":1.1900004892595462e-07,"total_compute_time":3.7500001326407073e-07,"tp_compute_time":0.0},"makespan":1255.727294921875,"nodes_expanded":54,"nodes_visited":1053,"solved":true}