{"Timer":{"mp_compute_time":2.639999650000391e-07,"s_compute_time":0.0,"ta_compute_time":2.4000030407478334e-08,"total_compute_time":2.879999954075174e-07,"tp_compute_time":0.0},"makespan":1934.984375,"nodes_expanded":13,"nodes_visited":468,"solved":true}