{"Timer":{"mp_compute_time":1.4760005342395743e-06,"s_compute_time":3.10796872327046e-06,"ta_compute_time":1.75203058461193e-06,"total_compute_time":6.336000296869315e-06,"tp_compute_time":0.0},"makespan":6622.451171875,"nodes_expanded":28,"nodes_visited":4158,"solved":true}