{"Timer":{"mp_compute_time":3.350000099544559e-07,"s_compute_time":0.0,"ta_compute_time":6.099998017816688e-08,"total_compute_time":3.9599999013262277e-07,"tp_compute_time":0.0},"makespan":1989.42822265625,"nodes_expanded":13,"nodes_visited":468,"solved":true}