{"Timer":{"mp_compute_time":2.1469998046086403e-06,"s_compute_time":1.1999873095192015e-08,"ta_compute_time":2.530002802814124e-07,"total_compute_time":2.4119999579852447e-06,"tp_compute_time":0.0},"makespan":3584.5517578125,"nodes_expanded":17,"nodes_visited":816,"solved":true}