{"Timer":{"mp_compute_time":8.410000305048015e-07,"s_compute_time":9.999325811804738e-10,"ta_compute_time":1.3200008197600255e-07,"total_compute_time":9.740000450619846e-07,"tp_compute_time":0.0},"makespan":1098.310791015625,"nodes_expanded":17,"nodes_visited":1632,"solved":true}