{"Timer":{"mp_compute_time":2.3999993459256075e-07,"s_compute_time":0.0,"ta_compute_time":4.40000746948499e-08,"total_compute_time":2.8400000928741065e-07,"tp_compute_time":0.0},"makespan":1725.5032958984375,"nodes_expanded":13,"nodes_visited":468,"solved":true}