{"Timer":{"mp_compute_time":1.1040000345019507e-06,"s_compute_time":6.999925972195342e-09,"ta_compute_time":2.800000054037355e-08,"total_compute_time":1.1390000054234406e-06,"tp_compute_time":0.0},"makespan":5596.953125,"nodes_expanded":23,"nodes_visited":2530,"solved":true}