{"Timer":{"mp_compute_time":3.619999802140228e-07,"s_compute_time":0.0,"ta_compute_time":2.500001983207767e-08,"total_compute_time":3.8700000004610047e-07,"tp_compute_time":0.0},"makespan":1114.825439453125,"nodes_expanded":13,"nodes_visited":468,"solved":true}