{"Timer":{"mp_compute_time":8.320002393702453e-07,"s_compute_time":1.9999220057798084e-09,"ta_compute_time":1.1909997965631192e-06,"total_compute_time":2.0249999579391442e-06,"tp_compute_time":0.0},"makespan":1770.60400390625,"nodes_expanded":340,"nodes_visited":6471,"solved":true}