{"Timer":{"mp_compute_time":1.2130001323384931e-06,"s_compute_time":4.999947122996673e-09,"ta_compute_time":2.629999471537303e-07,"total_compute_time":1.4810000266152201e-06,"tp_compute_time":0.0},"makespan":3090.792236328125,"nodes_expanded":17,"nodes_visited":816,"solved":true}