{"Timer":{"mp_compute_time":1.165000298897212e-06,"s_compute_time":2.599983872642042e-08,"ta_compute_time":2.2868000087328255e-05,"total_compute_time":2.405900158919394e-05,"tp_compute_time":0.0},"makespan":1958.1156005859375,"nodes_expanded":4656,"nodes_visited":101677,"solved":true}