{"Timer":{"mp_compute_time":1.6440001218143152e-06,"s_compute_time":9.999894245993346e-10,"ta_compute_time":1.5699993127782363e-07,"total_compute_time":1.8020000425167382e-06,"tp_compute_time":0.0},"makespan":1065.021240234375,"nodes_expanded":19,"nodes_visited":1824,"solved":true}