{"Timer":{"mp_compute_time":1.1210000820938149e-06,"s_compute_time":1.0001031114370562e-09,"ta_compute_time":1.5499983874178724e-07,"total_compute_time":1.2770000239470392e-06,"tp_compute_time":0.0},"makespan":1350.61083984375,"nodes_expanded":19,"nodes_visited":1792,"solved":true}