{"Timer":{"mp_compute_time":2.6099996830453165e-07,"s_compute_time":0.0,"ta_compute_time":2.4000030407478334e-08,"total_compute_time":2.8499999871201e-07,"tp_compute_time":0.0},"makespan":1894.4017333984375,"nodes_expanded":13,"nodes_visited":468,"solved":true}