{"Timer":{"mp_compute_time":5.020000912736577e-07,"s_compute_time":9.99875737761613e-10,"ta_compute_time":1.3100003570798435e-07,"total_compute_time":6.340000027194037e-07,"tp_compute_time":0.0},"makespan":1048.5057373046875,"nodes_expanded":18,"nodes_visited":1668,"solved":true}