{"Timer":{"mp_compute_time":2.1399993954673846e-07,"s_compute_time":2.0000641143269604e-09,"ta_compute_time":6.000000052353016e-09,"total_compute_time":2.22000011262935e-07,"tp_compute_time":0.0},"makespan":4319.72119140625,"nodes_expanded":17,"nodes_visited":816,"solved":true}