{"Timer":{"mp_compute_time":3.179999907843012e-07,"s_compute_time":4.000014541816199e-09,"ta_compute_time":7.000000135093387e-09,"total_compute_time":3.29000016563441e-07,"tp_compute_time":0.0},"makespan":2325.02392578125,"nodes_expanded":17,"nodes_visited":816,"solved":true}