{"Timer":{"mp_compute_time":2.439999775560864e-07,"s_compute_time":3.0000251172168646e-09,"ta_compute_time":1.4999999464748726e-08,"total_compute_time":2.6200001457254984e-07,"tp_compute_time":0.0},"makespan":2425.7685546875,"nodes_expanded":17,"nodes_visited":1632,"solved":true}