{"Timer":{"mp_compute_time":2.7799998747468635e-07,"s_compute_time":0.0,"ta_compute_time":3.00000237984932e-08,"total_compute_time":3.0800001127317955e-07,"tp_compute_time":0.0},"makespan":1142.0341796875,"nodes_expanded":16,"nodes_visited":508,"solved":true}