{"Timer":{"mp_compute_time":3.6699998418043833e-07,"s_compute_time":0.0,"ta_compute_time":2.700002710298577e-08,"total_compute_time":3.940000112834241e-07,"tp_compute_time":0.0},"makespan":1128.272705078125,"nodes_expanded":14,"nodes_visited":485,"solved":true}