{"Timer":{"mp_compute_time":8.640002420179371e-07,"s_compute_time":7.999801709956955e-09,"ta_compute_time":2.589999326119141e-07,"total_compute_time":1.1309999763398082e-06,"tp_compute_time":0.0},"makespan":1940.7437744140625,"nodes_expanded":17,"nodes_visited":816,"solved":true}