{"Timer":{"mp_compute_time":6.32000023870205e-07,"s_compute_time":3.999957698397338e-09,"ta_compute_time":1.4999999464748726e-08,"total_compute_time":6.50999993467849e-07,"tp_compute_time":0.0},"makespan":1926.407958984375,"nodes_expanded":17,"nodes_visited":1632,"solved":true}