{"Timer":{"mp_compute_time":5.830000873174868e-07,"s_compute_time":-5.684341886080802e-14,"ta_compute_time":1.2999998943996616e-07,"total_compute_time":7.130000199140341e-07,"tp_compute_time":0.0},"makespan":1036.7274169921875,"nodes_expanded":17,"nodes_visited":1632,"solved":true}