{"Timer":{"mp_compute_time":2.749999623574695e-07,"s_compute_time":9.999894245993346e-10,"ta_compute_time":7.300005222532491e-08,"total_compute_time":3.4900000400739373e-07,"tp_compute_time":0.0},"makespan":1346.35595703125,"nodes_expanded":24,"nodes_visited":563,"solved":true}