{"Timer":{"mp_compute_time":1.064000230144302e-06,"s_compute_time":1.5999830793589354e-08,"ta_compute_time":3.0900000638212077e-06,"total_compute_time":4.170000011072261e-06,"tp_compute_time":0.0},"makespan":1814.839111328125,"nodes_expanded":615,"nodes_visited":13015,"solved":true}