{"Timer":{"mp_compute_time":2.625999059091555e-06,"s_compute_time":4.999947122996673e-09,"ta_compute_time":6.460008989961352e-07,"total_compute_time":3.276999905210687e-06,"tp_compute_time":0.0},"makespan":5921.2216796875,"nodes_expanded":23,"nodes_visited":2530,"solved":true}