{"Timer":{"mp_compute_time":2.419999702851783e-07,"s_compute_time":2.00003569261753e-09,"ta_compute_time":9.99999993922529e-09,"total_compute_time":2.540000139106269e-07,"tp_compute_time":0.0},"makespan":5191.89111328125,"nodes_expanded":16,"nodes_visited":1200,"solved":true}