{"Timer":{"mp_compute_time":1.0450000900164014e-06,"s_compute_time":0.0,"ta_compute_time":6.499988103314536e-08,"total_compute_time":1.1099999710495467e-06,"tp_compute_time":0.0},"makespan":1579.1129150390625,"nodes_expanded":16,"nodes_visited":484,"solved":true}