{"Timer":{"mp_compute_time":9.430001455257297e-07,"s_compute_time":3.9999008549784776e-09,"ta_compute_time":1.3099992202114663e-07,"total_compute_time":1.0779999684018549e-06,"tp_compute_time":0.0},"makespan":2778.489990234375,"nodes_expanded":17,"nodes_visited":1632,"solved":true}