{"Timer":{"mp_compute_time":6.94000107159809e-07,"s_compute_time":1.9998651623609476e-09,"ta_compute_time":2.6499998284634785e-07,"total_compute_time":9.609999551685178e-07,"tp_compute_time":0.0},"makespan":2022.6173095703125,"nodes_expanded":17,"nodes_visited":816,"solved":true}