{"Timer":{"mp_compute_time":3.3499998153274646e-07,"s_compute_time":0.0,"ta_compute_time":3.300002049400064e-08,"total_compute_time":3.680000020267471e-07,"tp_compute_time":0.0},"makespan":1146.3153076171875,"nodes_expanded":15,"nodes_visited":573,"solved":true}