{"Timer":{"mp_compute_time":2.0499996367107087e-07,"s_compute_time":3.00003932807158e-09,"ta_compute_time":1.5999999547489097e-08,"total_compute_time":2.240000043229884e-07,"tp_compute_time":0.0},"makespan":2247.702392578125,"nodes_expanded":17,"nodes_visited":1632,"solved":true}