{"Timer":{"mp_compute_time":2.6979996619047597e-06,"s_compute_time":5.9999365475960076e-09,"ta_compute_time":2.9900047593400814e-07,"total_compute_time":3.003000074386364e-06,"tp_compute_time":0.0},"makespan":1819.470458984375,"nodes_expanded":17,"nodes_visited":816,"solved":true}