{"Timer":{"mp_compute_time":6.16000079389778e-07,"s_compute_time":-5.684341886080802e-14,"ta_compute_time":1.679999854786729e-07,"total_compute_time":7.84000008025032e-07,"tp_compute_time":0.0},"makespan":1058.6273193359375,"nodes_expanded":21,"nodes_visited":1947,"solved":true}