{"Timer":{"mp_compute_time":2.1449993710120907e-06,"s_compute_time":4.999947122996673e-09,"ta_compute_time":7.200005711638369e-07,"total_compute_time":2.8699998892989242e-06,"tp_compute_time":0.0},"makespan":5138.3740234375,"nodes_expanded":26,"nodes_visited":3900,"solved":true}