{"Timer":{"mp_compute_time":2.069999993636884e-07,"s_compute_time":2.0000072709080996e-09,"ta_compute_time":1.5999999547489097e-08,"total_compute_time":2.2500000795844244e-07,"tp_compute_time":0.0},"makespan":5258.70849609375,"nodes_expanded":19,"nodes_visited":1710,"solved":true}