{"Timer":{"mp_compute_time":8.970001204033906e-07,"s_compute_time":1.9999220057798084e-09,"ta_compute_time":1.5199998415482696e-07,"total_compute_time":1.0510000265639974e-06,"tp_compute_time":0.0},"makespan":1064.8997802734375,"nodes_expanded":19,"nodes_visited":1792,"solved":true}