{"Timer":{"mp_compute_time":2.739999445111607e-07,"s_compute_time":1.000017846308765e-09,"ta_compute_time":1.5300003042284516e-07,"total_compute_time":4.2799999278031464e-07,"tp_compute_time":0.0},"makespan":1282.9537353515625,"nodes_expanded":80,"nodes_visited":1379,"solved":true}