{"Timer":{"mp_compute_time":2.3269988105312223e-06,"s_compute_time":6.999925972195342e-09,"ta_compute_time":7.250012004078599e-07,"total_compute_time":3.0589999369112775e-06,"tp_compute_time":0.0},"makespan":4836.599609375,"nodes_expanded":27,"nodes_visited":3912,"solved":true}