{"Timer":{"mp_compute_time":5.950001309429354e-07,"s_compute_time":1.9999220057798084e-09,"ta_compute_time":1.8739999632089166e-06,"total_compute_time":2.4710000161576318e-06,"tp_compute_time":0.0},"makespan":1686.475830078125,"nodes_expanded":985,"nodes_visited":10245,"solved":true}