{"Timer":{"mp_compute_time":2.2470001113106264e-06,"s_compute_time":4.999947122996673e-09,"ta_compute_time":2.2699987312080339e-07,"total_compute_time":2.4789999315544264e-06,"tp_compute_time":0.0},"makespan":2552.15478515625,"nodes_expanded":17,"nodes_visited":816,"solved":true}