{"Timer":{"mp_compute_time":9.72000066212786e-07,"s_compute_time":7.999915396794677e-09,"ta_compute_time":2.940000740636606e-07,"total_compute_time":1.2740000556732411e-06,"tp_compute_time":0.0},"makespan":2415.858642578125,"nodes_expanded":19,"nodes_visited":836,"solved":true}