{"Timer":{"mp_compute_time":1.0330002169212094e-06,"s_compute_time":-1.1368683772161603e-13,"ta_compute_time":1.6099988897622097e-07,"total_compute_time":1.1939999922105926e-06,"tp_compute_time":0.0},"makespan":1365.0767822265625,"nodes_expanded":24,"nodes_visited":1862,"solved":true}