{"Timer":{"mp_compute_time":1.3999999737279722e-07,"s_compute_time":1.0000036354540498e-09,"ta_compute_time":1.999999943436137e-09,"total_compute_time":1.4299999406830466e-07,"tp_compute_time":0.0},"makespan":2008.5369873046875,"nodes_expanded":13,"nodes_visited":468,"solved":true}