{"Timer":{"mp_compute_time":2.7599998020377825e-07,"s_compute_time":1.000017846308765e-09,"ta_compute_time":6.600001256629184e-08,"total_compute_time":3.4300001061637886e-07,"tp_compute_time":0.0},"makespan":1403.7579345703125,"nodes_expanded":29,"nodes_visited":675,"solved":true}