{"Timer":{"mp_compute_time":2.0570003016473493e-06,"s_compute_time":4.9994923756457865e-09,"ta_compute_time":2.420001692371443e-07,"total_compute_time":2.3039999632601393e-06,"tp_compute_time":0.0},"makespan":3347.179443359375,"nodes_expanded":17,"nodes_visited":816,"solved":true}