{"Timer":{"mp_compute_time":3.2699995244911406e-07,"s_compute_time":0.0,"ta_compute_time":5.500004363057087e-08,"total_compute_time":3.8199999607968493e-07,"tp_compute_time":0.0},"makespan":1416.6529541015625,"nodes_expanded":19,"nodes_visited":525,"solved":true}