{"Timer":{"mp_compute_time":3.395997737243306e-06,"s_compute_time":7.999915396794677e-09,"ta_compute_time":1.8230025489174295e-06,"total_compute_time":5.22700020155753e-06,"tp_compute_time":0.0},"makespan":4827.400390625,"nodes_expanded":161,"nodes_visited":8633,"solved":true}