{"Timer":{"mp_compute_time":4.5500007672671927e-07,"s_compute_time":0.0,"ta_compute_time":1.7599990087546757e-07,"total_compute_time":6.309999776021868e-07,"tp_compute_time":0.0},"makespan":1283.0087890625,"nodes_expanded":101,"nodes_visited":1384,"solved":true}