{"Timer":{"mp_compute_time":3.836998530459823e-06,"s_compute_time":1.3000317267142236e-08,"ta_compute_time":2.370011316088494e-07,"total_compute_time":4.086999979335815e-06,"tp_compute_time":0.0},"makespan":4295.25146484375,"nodes_expanded":17,"nodes_visited":816,"solved":true}