{"Timer":{"mp_compute_time":2.749999623574695e-07,"s_compute_time":0.0,"ta_compute_time":6.900003768350871e-08,"total_compute_time":3.440000000409782e-07,"tp_compute_time":0.0},"makespan":1639.23046875,"nodes_expanded":17,"nodes_visited":492,"solved":true}