{"Timer":{"mp_compute_time":3.63000026482041e-07,"s_compute_time":1.999978849198669e-09,"ta_compute_time":7.34999957785476e-07,"total_compute_time":1.0999999631167157e-06,"tp_compute_time":0.0},"makespan":1130.1707763671875,"nodes_expanded":336,"nodes_visited":8044,"solved":true}