{"Timer":{"mp_compute_time":2.2499995111502358e-07,"s_compute_time":4.00004296352563e-09,"ta_compute_time":6.000000052353016e-09,"total_compute_time":2.3499998746956408e-07,"tp_compute_time":0.0},"makespan":2766.15673828125,"nodes_expanded":17,"nodes_visited":816,"solved":true}