{"Timer":{"mp_compute_time":3.109999511252681e-07,"s_compute_time":0.0,"ta_compute_time":5.400005420597154e-08,"total_compute_time":3.6500000533123966e-07,"tp_compute_time":0.0},"makespan":1075.8408203125,"nodes_expanded":17,"nodes_visited":517,"solved":true}