{"Timer":{"mp_compute_time":2.56999925341006e-07,"s_compute_time":0.0,"ta_compute_time":3.800008130383503e-08,"total_compute_time":2.9500000664484105e-07,"tp_compute_time":0.0},"makespan":2008.0699462890625,"nodes_expanded":13,"nodes_visited":468,"solved":true}