{"Timer":{"mp_compute_time":1.0599999313853914e-06,"s_compute_time":5.000060809834395e-09,"ta_compute_time":6.000000052353016e-09,"total_compute_time":1.0710000424296595e-06,"tp_compute_time":0.0},"makespan":3548.438232421875,"nodes_expanded":17,"nodes_visited":816,"solved":true}