{"Timer":{"mp_compute_time":3.092000270044082e-06,"s_compute_time":8.00014277047012e-09,"ta_compute_time":2.1599953470285982e-07,"total_compute_time":3.3159999475174118e-06,"tp_compute_time":0.0},"makespan":1985.138427734375,"nodes_expanded":17,"nodes_visited":816,"solved":true}