{"Timer":{"mp_compute_time":2.61999957729131e-07,"s_compute_time":0.0,"ta_compute_time":6.00000475969864e-08,"total_compute_time":3.220000053261174e-07,"tp_compute_time":0.0},"makespan":1608.002685546875,"nodes_expanded":20,"nodes_visited":510,"solved":true}