{"Timer":{"mp_compute_time":5.25000018569699e-07,"s_compute_time":9.999894245993346e-10,"ta_compute_time":1.999999943436137e-09,"total_compute_time":5.27999986843497e-07,"tp_compute_time":0.0},"makespan":1791.351318359375,"nodes_expanded":13,"nodes_visited":468,"solved":true}