{"Timer":{"mp_compute_time":1.922000137710711e-06,"s_compute_time":1.999751475523226e-09,"ta_compute_time":4.70000031782547e-07,"total_compute_time":2.3939999209687812e-06,"tp_compute_time":0.0},"makespan":1773.3531494140625,"nodes_expanded":102,"nodes_visited":2193,"solved":true}