{"Timer":{"mp_compute_time":5.68000132261659e-07,"s_compute_time":-2.2737367544323206e-13,"ta_compute_time":1.2900011370220454e-07,"total_compute_time":6.970000185901881e-07,"tp_compute_time":0.0},"makespan":1351.6986083984375,"nodes_expanded":17,"nodes_visited":1632,"solved":true}