{"Timer":{"mp_compute_time":2.9799997491863905e-07,"s_compute_time":3.0000251172168646e-09,"ta_compute_time":6.599999835543713e-08,"total_compute_time":3.6699998418043833e-07,"tp_compute_time":0.0},"makespan":6832.361328125,"nodes_expanded":28,"nodes_visited":4158,"solved":true}