{"Timer":{"mp_compute_time":5.58000124328828e-07,"s_compute_time":-1.1368683772161603e-13,"ta_compute_time":1.2999998943996616e-07,"total_compute_time":6.880000000819564e-07,"tp_compute_time":0.0},"makespan":1080.99658203125,"nodes_expanded":17,"nodes_visited":1632,"solved":true}