{"Timer":{"mp_compute_time":2.112999254677561e-06,"s_compute_time":2.0839781882386887e-06,"ta_compute_time":1.0200023098150268e-05,"total_compute_time":1.4397000086319167e-05,"tp_compute_time":0.0},"makespan":4831.3486328125,"nodes_expanded":751,"nodes_visited":21590,"solved":true}