{"Timer":{"mp_compute_time":1.090999944608484e-06,"s_compute_time":2.000092536036391e-09,"ta_compute_time":1.999999943436137e-09,"total_compute_time":1.095000015993719e-06,"tp_compute_time":0.0},"makespan":1948.2713623046875,"nodes_expanded":13,"nodes_visited":468,"solved":true}