{"Timer":{"mp_compute_time":3.7399996699605254e-07,"s_compute_time":0.0,"ta_compute_time":2.500001983207767e-08,"total_compute_time":3.989999868281302e-07,"tp_compute_time":0.0},"makespan":1476.63037109375,"nodes_expanded":13,"nodes_visited":468,"solved":true}