{"Timer":{"mp_compute_time":6.520001534227049e-07,"s_compute_time":2.999911430379143e-09,"ta_compute_time":2.0899994979117764e-07,"total_compute_time":8.640000146442617e-07,"tp_compute_time":0.0},"makespan":2768.488525390625,"nodes_expanded":17,"nodes_visited":816,"solved":true}