{"Timer":{"mp_compute_time":7.690001098126231e-07,"s_compute_time":3.9999008549784776e-09,"ta_compute_time":2.3400002646667417e-07,"total_compute_time":1.0070000371342758e-06,"tp_compute_time":0.0},"makespan":1844.78271484375,"nodes_expanded":17,"nodes_visited":816,"solved":true}