{"Timer":{"mp_compute_time":7.610002512592473e-07,"s_compute_time":1.9998083189420868e-09,"ta_compute_time":1.2339999102550792e-06,"total_compute_time":1.996999799303012e-06,"tp_compute_time":0.0},"makespan":1797.0428466796875,"nodes_expanded":333,"nodes_visited":5779,"solved":true}