{"Timer":{"mp_compute_time":3.2999997756633093e-07,"s_compute_time":0.0,"ta_compute_time":4.7000014546938473e-08,"total_compute_time":3.769999921132694e-07,"tp_compute_time":0.0},"makespan":1060.1409912109375,"nodes_expanded":13,"nodes_visited":468,"solved":true}