{"Timer":{"mp_compute_time":6.890001600368123e-07,"s_compute_time":9.999325811804738e-10,"ta_compute_time":1.299999325965473e-07,"total_compute_time":8.200000252145401e-07,"tp_compute_time":0.0},"makespan":1116.931396484375,"nodes_expanded":17,"nodes_visited":1632,"solved":true}