{"Timer":{"mp_compute_time":3.4199996434836066e-07,"s_compute_time":0.0,"ta_compute_time":2.710000330807816e-07,"total_compute_time":6.129999974291422e-07,"tp_compute_time":0.0},"makespan":1054.5172119140625,"nodes_expanded":97,"nodes_visited":2569,"solved":true}