{"Timer":{"mp_compute_time":5.010000450056395e-07,"s_compute_time":9.999325811804738e-10,"ta_compute_time":1.3400000398178236e-07,"total_compute_time":6.359999815686024e-07,"tp_compute_time":0.0},"makespan":1118.781982421875,"nodes_expanded":17,"nodes_visited":1632,"solved":true}