{"Timer":{"mp_compute_time":1.2489999789977446e-06,"s_compute_time":9.000018508231733e-09,"ta_compute_time":6.000000052353016e-09,"total_compute_time":1.26400004774041e-06,"tp_compute_time":0.0},"makespan":4636.98681640625,"nodes_expanded":17,"nodes_visited":816,"solved":true}