{"Timer":{"mp_compute_time":2.1199994648668508e-07,"s_compute_time":2.000049903472245e-09,"ta_compute_time":1.4999999464748726e-08,"total_compute_time":2.289999940785492e-07,"tp_compute_time":0.0},"makespan":2323.785888671875,"nodes_expanded":17,"nodes_visited":1632,"solved":true}