{"Timer":{"mp_compute_time":1.3160001799406018e-06,"s_compute_time":1.9998651623609476e-09,"ta_compute_time":2.5800000003073364e-07,"total_compute_time":1.5760000451336964e-06,"tp_compute_time":0.0},"makespan":4815.49609375,"nodes_expanded":28,"nodes_visited":2389,"solved":true}