{"Timer":{"mp_compute_time":2.409999240171601e-07,"s_compute_time":0.0,"ta_compute_time":5.1000085932173533e-08,"total_compute_time":2.920000099493336e-07,"tp_compute_time":0.0},"makespan":1065.9486083984375,"nodes_expanded":16,"nodes_visited":511,"solved":true}