{"Timer":{"mp_compute_time":1.8450003835823736e-06,"s_compute_time":2.999854586960282e-09,"ta_compute_time":7.369997092609992e-07,"total_compute_time":2.584999947430333e-06,"tp_compute_time":0.0},"makespan":5806.2451171875,"nodes_expanded":26,"nodes_visited":3900,"solved":true}