{"Timer":{"mp_compute_time":2.920000099493336e-07,"s_compute_time":0.0,"ta_compute_time":2.7999988105875673e-08,"total_compute_time":3.199999980552093e-07,"tp_compute_time":0.0},"makespan":1462.05419921875,"nodes_expanded":13,"nodes_visited":468,"solved":true}