{"Timer":{"mp_compute_time":7.110000410648354e-07,"s_compute_time":1.999978849198669e-09,"ta_compute_time":1.969999630091479e-07,"total_compute_time":9.09999982923182e-07,"tp_compute_time":0.0},"makespan":1801.6759033203125,"nodes_expanded":17,"nodes_visited":816,"solved":true}