{"Timer":{"mp_compute_time":6.600001256629184e-07,"s_compute_time":1.9999220057798084e-09,"ta_compute_time":1.0960000054183183e-06,"total_compute_time":1.7580000530870166e-06,"tp_compute_time":0.0},"makespan":1791.386962890625,"nodes_expanded":266,"nodes_visited":4776,"solved":true}