{"Timer":{"mp_compute_time":2.839999524439918e-07,"s_compute_time":0.0,"ta_compute_time":2.8000044949294534e-08,"total_compute_time":3.119999973932863e-07,"tp_compute_time":0.0},"makespan":1129.832275390625,"nodes_expanded":14,"nodes_visited":485,"solved":true}