{"Timer":{"mp_compute_time":1.0090000159834744e-06,"s_compute_time":9.999894245993346e-10,"ta_compute_time":1.3199996828916483e-07,"total_compute_time":1.1419999736972386e-06,"tp_compute_time":0.0},"makespan":1099.543212890625,"nodes_expanded":17,"nodes_visited":1632,"solved":true}