{"Timer":{"mp_compute_time":8.880002155819966e-07,"s_compute_time":9.99875737761613e-10,"ta_compute_time":1.3399989029494463e-07,"total_compute_time":1.0229999816147028e-06,"tp_compute_time":0.0},"makespan":1712.971923828125,"nodes_expanded":17,"nodes_visited":1632,"solved":true}