{"Timer":{"mp_compute_time":3.709999703005451e-07,"s_compute_time":9.999894245993346e-10,"ta_compute_time":1.1800003107964585e-07,"total_compute_time":4.899999908047903e-07,"tp_compute_time":0.0},"makespan":1310.9097900390625,"nodes_expanded":56,"nodes_visited":965,"solved":true}