{"Timer":{"mp_compute_time":3.280000555605511e-07,"s_compute_time":0.0,"ta_compute_time":4.499995043261151e-08,"total_compute_time":3.7300000599316263e-07,"tp_compute_time":0.0},"makespan":1316.18212890625,"nodes_expanded":13,"nodes_visited":468,"solved":true}