{"Timer":{"mp_compute_time":2.659999154275283e-07,"s_compute_time":0.0,"ta_compute_time":4.80000892366661e-08,"total_compute_time":3.140000046641944e-07,"tp_compute_time":0.0},"makespan":1390.701171875,"nodes_expanded":16,"nodes_visited":504,"solved":true}