{"Timer":{"mp_compute_time":2.5569966055627447e-06,"s_compute_time":5.3000121624791063e-08,"ta_compute_time":5.95780074945651e-05,"total_compute_time":6.218800263013691e-05,"tp_compute_time":0.0},"makespan":1920.170166015625,"nodes_expanded":18725,"nodes_visited":320127,"solved":true}