{"Timer":{"mp_compute_time":4.329999967467302e-07,"s_compute_time":0.0,"ta_compute_time":5.000001124244591e-08,"total_compute_time":4.830000079891761e-07,"tp_compute_time":0.0},"makespan":1431.521728515625,"nodes_expanded":13,"nodes_visited":468,"solved":true}