{"Timer":{"mp_compute_time":1.7739999975674436e-06,"s_compute_time":1.0001031114370562e-09,"ta_compute_time":4.0999907469085883e-08,"total_compute_time":1.8160000081479666e-06,"tp_compute_time":0.0},"makespan":1457.6722412109375,"nodes_expanded":13,"nodes_visited":468,"solved":true}