{"Timer":{"mp_compute_time":1.8490002275939332e-06,"s_compute_time":1.0001031114370562e-09,"ta_compute_time":1.6399974356318126e-07,"total_compute_time":2.0140000742685515e-06,"tp_compute_time":0.0},"makespan":1116.5491943359375,"nodes_expanded":20,"nodes_visited":1868,"solved":true}