{"Timer":{"mp_compute_time":3.6400004432834976e-07,"s_compute_time":2.999996695507434e-09,"ta_compute_time":6.399994845196488e-08,"total_compute_time":4.309999894758221e-07,"tp_compute_time":0.0},"makespan":1627.9359130859375,"nodes_expanded":14,"nodes_visited":470,"solved":true}