{"Timer":{"mp_compute_time":2.809999841701938e-07,"s_compute_time":0.0,"ta_compute_time":4.900002181784657e-08,"total_compute_time":3.3000000598804036e-07,"tp_compute_time":0.0},"makespan":2268.3681640625,"nodes_expanded":13,"nodes_visited":468,"solved":true}