{"Timer":{"mp_compute_time":1.199999957179898e-07,"s_compute_time":0.0,"ta_compute_time":1.999999943436137e-09,"total_compute_time":1.219999887780432e-07,"tp_compute_time":0.0},"makespan":2373.131591796875,"nodes_expanded":13,"nodes_visited":468,"solved":true}