{"Timer":{"mp_compute_time":3.202999550921959e-06,"s_compute_time":2.2000222088536248e-08,"ta_compute_time":1.7740001112542814e-06,"total_compute_time":4.9989998842647765e-06,"tp_compute_time":0.0},"makespan":4875.11865234375,"nodes_expanded":27,"nodes_visited":3861,"solved":true}