{"Timer":{"mp_compute_time":1.7620001244722516e-06,"s_compute_time":4.999833436158951e-09,"ta_compute_time":2.260001110698795e-07,"total_compute_time":1.99300006897829e-06,"tp_compute_time":0.0},"makespan":1723.0968017578125,"nodes_expanded":17,"nodes_visited":816,"solved":true}