{"Timer":{"mp_compute_time":2.373999450355768e-06,"s_compute_time":5.999709173920564e-09,"ta_compute_time":2.8900080906169023e-07,"total_compute_time":2.668999968591379e-06,"tp_compute_time":0.0},"makespan":2052.5615234375,"nodes_expanded":20,"nodes_visited":879,"solved":true}