{"Timer":{"mp_compute_time":5.780001401944901e-07,"s_compute_time":2.999911430379143e-09,"ta_compute_time":2.5699995376271545e-07,"total_compute_time":8.380000053875847e-07,"tp_compute_time":0.0},"makespan":2138.461181640625,"nodes_expanded":17,"nodes_visited":816,"solved":true}