{"Timer":{"mp_compute_time":2.469999458298844e-07,"s_compute_time":2.0000641143269604e-09,"ta_compute_time":6.000000052353016e-09,"total_compute_time":2.550000033352262e-07,"tp_compute_time":0.0},"makespan":4330.30126953125,"nodes_expanded":17,"nodes_visited":816,"solved":true}