{"Timer":{"mp_compute_time":4.630000489669328e-07,"s_compute_time":0.0,"ta_compute_time":5.1999961669935146e-08,"total_compute_time":5.15000010636868e-07,"tp_compute_time":0.0},"makespan":1126.3092041015625,"nodes_expanded":14,"nodes_visited":488,"solved":true}