{"Timer":{"mp_compute_time":2.669999616955465e-07,"s_compute_time":0.0,"ta_compute_time":2.6000037678386434e-08,"total_compute_time":2.9299999937393295e-07,"tp_compute_time":0.0},"makespan":1141.173828125,"nodes_expanded":13,"nodes_visited":468,"solved":true}