{
  "Timer": {
    "mp_compute_time": 3.370000456470734e-07,
    "s_compute_time": 9.999894245993346e-10,
    "ta_compute_time": 6.599995572287298e-08,
    "total_compute_time": 4.0399999079454574e-07,
    "tp_compute_time": 0.0
  },
  "makespan": 4807.8564453125,
  "nodes_expanded": 16,
  "nodes_visited": 1320,
  "solved": true
}