{"Timer":{"mp_compute_time":8.810001190795447e-07,"s_compute_time":9.99875737761613e-10,"ta_compute_time":1.309999788645655e-07,"total_compute_time":1.0129999736818718e-06,"tp_compute_time":0.0},"makespan":1332.661376953125,"nodes_expanded":17,"nodes_visited":1632,"solved":true}