{"Timer":{"mp_compute_time":2.286999915668275e-06,"s_compute_time":5.000174496672116e-09,"ta_compute_time":7.000000135093387e-09,"total_compute_time":2.2990000161371427e-06,"tp_compute_time":0.0},"makespan":3051.0380859375,"nodes_expanded":17,"nodes_visited":816,"solved":true}