{"Timer":{"mp_compute_time":5.440001018541807e-07,"s_compute_time":9.999325811804738e-10,"ta_compute_time":2.1799996829940937e-07,"total_compute_time":7.630000027347705e-07,"tp_compute_time":0.0},"makespan":1815.1822509765625,"nodes_expanded":17,"nodes_visited":816,"solved":true}