{"Timer":{"mp_compute_time":8.360000833818049e-07,"s_compute_time":2.999854586960282e-09,"ta_compute_time":2.850001123988477e-07,"total_compute_time":1.1240000503676129e-06,"tp_compute_time":0.0},"makespan":2095.896484375,"nodes_expanded":18,"nodes_visited":843,"solved":true}