{"Timer":{"mp_compute_time":1.1520002090037451e-06,"s_compute_time":9.999894245993346e-10,"ta_compute_time":2.1499977265193593e-07,"total_compute_time":1.3679999710802804e-06,"tp_compute_time":0.0},"makespan":1258.5340576171875,"nodes_expanded":36,"nodes_visited":2365,"solved":true}