{"Timer":{"mp_compute_time":2.7199996566196205e-07,"s_compute_time":0.0,"ta_compute_time":6.800004825890937e-08,"total_compute_time":3.400000139208714e-07,"tp_compute_time":0.0},"makespan":1576.5386962890625,"nodes_expanded":22,"nodes_visited":538,"solved":true}