{"Timer":{"mp_compute_time":7.060002076286764e-07,"s_compute_time":2.9997977435414214e-09,"ta_compute_time":2.3000001192485797e-07,"total_compute_time":9.390000172970758e-07,"tp_compute_time":0.0},"makespan":1775.40576171875,"nodes_expanded":17,"nodes_visited":816,"solved":true}