{"Timer":{"mp_compute_time":4.944997726852307e-06,"s_compute_time":8.229940249293577e-07,"ta_compute_time":1.5430082385137212e-06,"total_compute_time":7.310999990295386e-06,"tp_compute_time":0.0},"makespan":4865.09765625,"nodes_expanded":27,"nodes_visited":3510,"solved":true}