{"Timer":{"mp_compute_time":3.4019990380329546e-06,"s_compute_time":7.0001533458707854e-09,"ta_compute_time":4.910009465675103e-07,"total_compute_time":3.900000137946336e-06,"tp_compute_time":0.0},"makespan":4836.0078125,"nodes_expanded":24,"nodes_visited":3036,"solved":true}