{"Timer":{"mp_compute_time":1.8860002910514595e-06,"s_compute_time":3.999957698397338e-09,"ta_compute_time":2.3999973564059474e-07,"total_compute_time":2.1299999843904516e-06,"tp_compute_time":0.0},"makespan":1759.062744140625,"nodes_expanded":17,"nodes_visited":816,"solved":true}