{"Timer":{"mp_compute_time":6.42000088646455e-07,"s_compute_time":1.9998651623609476e-09,"ta_compute_time":1.3100003570798435e-07,"total_compute_time":7.749999895168003e-07,"tp_compute_time":0.0},"makespan":1090.7437744140625,"nodes_expanded":17,"nodes_visited":1632,"solved":true}