{"Timer":{"mp_compute_time":9.380000278724765e-07,"s_compute_time":0.0,"ta_compute_time":3.5800002251562546e-07,"total_compute_time":1.296000050388102e-06,"tp_compute_time":0.0},"makespan":1156.2987060546875,"nodes_expanded":211,"nodes_visited":6396,"solved":true}