{"Timer":{"mp_compute_time":7.390000291707111e-07,"s_compute_time":0.0,"ta_compute_time":3.4999970921489876e-08,"total_compute_time":7.740000000922009e-07,"tp_compute_time":0.0},"makespan":1132.31982421875,"nodes_expanded":18,"nodes_visited":547,"solved":true}