{"Timer":{"mp_compute_time":3.0600000400227145e-07,"s_compute_time":0.0,"ta_compute_time":5.999999075356754e-08,"total_compute_time":3.65999994755839e-07,"tp_compute_time":0.0},"makespan":1615.17138671875,"nodes_expanded":15,"nodes_visited":476,"solved":true}