{"Timer":{"mp_compute_time":2.6999995839105395e-07,"s_compute_time":0.0,"ta_compute_time":2.8000044949294534e-08,"total_compute_time":2.980000033403485e-07,"tp_compute_time":0.0},"makespan":1529.0712890625,"nodes_expanded":13,"nodes_visited":468,"solved":true}