{"Timer":{"mp_compute_time":8.990001560960081e-07,"s_compute_time":1.9998651623609476e-09,"ta_compute_time":1.390000079481979e-07,"total_compute_time":1.040000029206567e-06,"tp_compute_time":0.0},"makespan":2807.9794921875,"nodes_expanded":17,"nodes_visited":1632,"solved":true}