{"Timer":{"mp_compute_time":4.449999835287599e-07,"s_compute_time":0.0,"ta_compute_time":1.41000015219106e-07,"total_compute_time":5.859999987478659e-07,"tp_compute_time":0.0},"makespan":1137.71044921875,"nodes_expanded":86,"nodes_visited":2174,"solved":true}