{"Timer":{"mp_compute_time":1.7999995804984792e-07,"s_compute_time":1.0000462680181954e-09,"ta_compute_time":6.000000052353016e-09,"total_compute_time":1.8699999770888098e-07,"tp_compute_time":0.0},"makespan":2318.816162109375,"nodes_expanded":17,"nodes_visited":816,"solved":true}