{"Timer":{"mp_compute_time":8.210002420128149e-07,"s_compute_time":4.999890279577812e-09,"ta_compute_time":4.376000106276479e-06,"total_compute_time":5.202000465942547e-06,"tp_compute_time":0.0},"makespan":1937.916748046875,"nodes_expanded":1221,"nodes_visited":21310,"solved":true}