{"Timer":{"mp_compute_time":1.0670003121049376e-06,"s_compute_time":3.999730324721895e-09,"ta_compute_time":2.3699999474047218e-07,"total_compute_time":1.3080000371701317e-06,"tp_compute_time":0.0},"makespan":2033.04345703125,"nodes_expanded":17,"nodes_visited":816,"solved":true}