{"Timer":{"mp_compute_time":7.600001481478103e-07,"s_compute_time":3.9999008549784776e-09,"ta_compute_time":2.0709999262180645e-06,"total_compute_time":2.835000032064272e-06,"tp_compute_time":0.0},"makespan":1784.320068359375,"nodes_expanded":665,"nodes_visited":10560,"solved":true}