{"Timer":{"mp_compute_time":6.180001719258144e-07,"s_compute_time":9.998188943427522e-10,"ta_compute_time":1.3999999737279722e-07,"total_compute_time":7.589999881929543e-07,"tp_compute_time":0.0},"makespan":1621.94189453125,"nodes_expanded":18,"nodes_visited":1704,"solved":true}