{"Timer":{"mp_compute_time":6.160000225463591e-07,"s_compute_time":1.0000462680181954e-09,"ta_compute_time":4.9999925977317616e-08,"total_compute_time":6.669999947916949e-07,"tp_compute_time":0.0},"makespan":1418.1944580078125,"nodes_expanded":13,"nodes_visited":468,"solved":true}