{"Timer":{"mp_compute_time":1.8230001614938374e-06,"s_compute_time":3.999844011559617e-09,"ta_compute_time":2.1200003175181337e-07,"total_compute_time":2.0390000372572104e-06,"tp_compute_time":0.0},"makespan":2007.91748046875,"nodes_expanded":17,"nodes_visited":816,"solved":true}