{"Timer":{"mp_compute_time":3.8300004234770313e-07,"s_compute_time":0.0,"ta_compute_time":3.0999956379673677e-08,"total_compute_time":4.139999987273768e-07,"tp_compute_time":0.0},"makespan":1513.3154296875,"nodes_expanded":16,"nodes_visited":609,"solved":true}