{"Timer":{"mp_compute_time":1.5120004945856635e-06,"s_compute_time":5.279949846226373e-07,"ta_compute_time":1.2940045053255744e-06,"total_compute_time":3.3339999845338752e-06,"tp_compute_time":0.0},"makespan":4846.7509765625,"nodes_expanded":27,"nodes_visited":3510,"solved":true}