{"Timer":{"mp_compute_time":3.868998192047002e-06,"s_compute_time":1.1939901014557108e-06,"ta_compute_time":2.0920115275657736e-06,"total_compute_time":7.154999821068486e-06,"tp_compute_time":0.0},"makespan":4873.91064453125,"nodes_expanded":30,"nodes_visited":4785,"solved":true}