{"Timer":{"mp_compute_time":1.3380000609686249e-06,"s_compute_time":9.99875737761613e-10,"ta_compute_time":1.3800001852359856e-07,"total_compute_time":1.476999955229985e-06,"tp_compute_time":0.0},"makespan":1076.80322265625,"nodes_expanded":18,"nodes_visited":1655,"solved":true}