{"Timer":{"mp_compute_time":5.370000621951476e-07,"s_compute_time":-1.1368683772161603e-13,"ta_compute_time":1.2800006743418635e-07,"total_compute_time":6.650000159424962e-07,"tp_compute_time":0.0},"makespan":1163.1614990234375,"nodes_expanded":17,"nodes_visited":1632,"solved":true}