{"Timer":{"mp_compute_time":2.4799996367619315e-07,"s_compute_time":3.0000251172168646e-09,"ta_compute_time":6.000000052353016e-09,"total_compute_time":2.569999821844249e-07,"tp_compute_time":0.0},"makespan":3057.748046875,"nodes_expanded":17,"nodes_visited":816,"solved":true}