{"Timer":{"mp_compute_time":1.240000301550026e-06,"s_compute_time":2.999854586960282e-09,"ta_compute_time":2.549998043832602e-07,"total_compute_time":1.4979999605202465e-06,"tp_compute_time":0.0},"makespan":2340.642333984375,"nodes_expanded":18,"nodes_visited":825,"solved":true}