{"Timer":{"mp_compute_time":1.459999907638121e-07,"s_compute_time":1.0000036354540498e-09,"ta_compute_time":1.999999943436137e-09,"total_compute_time":1.4899998745931953e-07,"tp_compute_time":0.0},"makespan":1892.6246337890625,"nodes_expanded":13,"nodes_visited":468,"solved":true}