{"Timer":{"mp_compute_time":6.190001045069948e-07,"s_compute_time":4.999833436158951e-09,"ta_compute_time":2.690000542315829e-07,"total_compute_time":8.929999921747367e-07,"tp_compute_time":0.0},"makespan":1968.6396484375,"nodes_expanded":19,"nodes_visited":843,"solved":true}