{"Timer":{"mp_compute_time":5.290000899549341e-07,"s_compute_time":9.99875737761613e-10,"ta_compute_time":1.3500005024980055e-07,"total_compute_time":6.650000159424962e-07,"tp_compute_time":0.0},"makespan":1096.5047607421875,"nodes_expanded":19,"nodes_visited":1667,"solved":true}