{"Timer":{"mp_compute_time":1.2660002539632842e-06,"s_compute_time":4.00007138523506e-09,"ta_compute_time":1.6099966160254553e-07,"total_compute_time":1.4309999869510648e-06,"tp_compute_time":0.0},"makespan":1323.3253173828125,"nodes_expanded":20,"nodes_visited":1896,"solved":true}