{"Timer":{"mp_compute_time":7.100002221704926e-07,"s_compute_time":-2.2737367544323206e-13,"ta_compute_time":1.5099999473022763e-07,"total_compute_time":8.609999895270448e-07,"tp_compute_time":0.0},"makespan":1300.5343017578125,"nodes_expanded":19,"nodes_visited":1792,"solved":true}