{"Timer":{"mp_compute_time":5.425997187558096e-06,"s_compute_time":1.0579910849628504e-06,"ta_compute_time":1.7790121091820765e-06,"total_compute_time":8.263000381703023e-06,"tp_compute_time":0.0},"makespan":5288.62939453125,"nodes_expanded":27,"nodes_visited":3510,"solved":true}