{"Timer":{"mp_compute_time":8.060000595833117e-07,"s_compute_time":0.0,"ta_compute_time":2.5999952413258143e-08,"total_compute_time":8.320000119965698e-07,"tp_compute_time":0.0},"makespan":1486.1470947265625,"nodes_expanded":13,"nodes_visited":468,"solved":true}