{"Timer":{"mp_compute_time":3.460000357335957e-07,"s_compute_time":0.0,"ta_compute_time":1.4699998018841143e-07,"total_compute_time":4.930000159220072e-07,"tp_compute_time":0.0},"makespan":1308.9068603515625,"nodes_expanded":74,"nodes_visited":1181,"solved":true}