{"Timer":{"mp_compute_time":5.56299846721231e-06,"s_compute_time":8.229922059399541e-07,"ta_compute_time":1.7520096662337892e-06,"total_compute_time":8.138000339386053e-06,"tp_compute_time":0.0},"makespan":4874.3642578125,"nodes_expanded":28,"nodes_visited":3520,"solved":true}