{"Timer":{"mp_compute_time":1.2850000530306716e-06,"s_compute_time":3.999844011559617e-09,"ta_compute_time":2.5500014544377336e-07,"total_compute_time":1.5440000424860045e-06,"tp_compute_time":0.0},"makespan":2121.493896484375,"nodes_expanded":19,"nodes_visited":879,"solved":true}