{"Timer":{"mp_compute_time":3.55000025820118e-07,"s_compute_time":1.000017846308765e-09,"ta_compute_time":2.5999952413258143e-08,"total_compute_time":3.8199999607968493e-07,"tp_compute_time":0.0},"makespan":2283.420166015625,"nodes_expanded":13,"nodes_visited":468,"solved":true}