{"Timer":{"mp_compute_time":1.4980000742070843e-06,"s_compute_time":4.999947122996673e-09,"ta_compute_time":2.6600002911436604e-07,"total_compute_time":1.769000050444447e-06,"tp_compute_time":0.0},"makespan":1761.626708984375,"nodes_expanded":18,"nodes_visited":843,"solved":true}