{"Timer":{"mp_compute_time":8.770002750679851e-07,"s_compute_time":5.999879704177147e-09,"ta_compute_time":2.369998242102156e-07,"total_compute_time":1.1199999789823778e-06,"tp_compute_time":0.0},"makespan":3714.1123046875,"nodes_expanded":17,"nodes_visited":816,"solved":true}