{"Timer":{"mp_compute_time":4.090000231826707e-07,"s_compute_time":3.999986120106769e-09,"ta_compute_time":5.3000000832525984e-08,"total_compute_time":4.660000172407308e-07,"tp_compute_time":0.0},"makespan":6851.8623046875,"nodes_expanded":26,"nodes_visited":3900,"solved":true}