{"Timer":{"mp_compute_time":7.810002102814906e-07,"s_compute_time":-1.7053025658242404e-13,"ta_compute_time":1.3899995110477903e-07,"total_compute_time":9.19999990856013e-07,"tp_compute_time":0.0},"makespan":2552.283935546875,"nodes_expanded":17,"nodes_visited":1632,"solved":true}