{"Timer":{"mp_compute_time":5.190000251786842e-07,"s_compute_time":9.99875737761613e-10,"ta_compute_time":1.2900011370220454e-07,"total_compute_time":6.490000146186503e-07,"tp_compute_time":0.0},"makespan":1088.4560546875,"nodes_expanded":17,"nodes_visited":1632,"solved":true}