{"Timer":{"mp_compute_time":1.2810004363927874e-06,"s_compute_time":5.529951749849715e-07,"ta_compute_time":1.3710043731407495e-06,"total_compute_time":3.205000211892184e-06,"tp_compute_time":0.0},"makespan":4846.697265625,"nodes_expanded":27,"nodes_visited":3510,"solved":true}