{"Timer":{"mp_compute_time":3.970000648223504e-07,"s_compute_time":9.999894245993346e-10,"ta_compute_time":6.349999353005842e-07,"total_compute_time":1.032999989547534e-06,"tp_compute_time":0.0},"makespan":4805.9287109375,"nodes_expanded":577,"nodes_visited":7852,"solved":true}