{"Timer":{"mp_compute_time":1.094000253942795e-06,"s_compute_time":-1.1368683772161603e-13,"ta_compute_time":1.3899989426136017e-07,"total_compute_time":1.2330000345173175e-06,"tp_compute_time":0.0},"makespan":2013.302734375,"nodes_expanded":17,"nodes_visited":1632,"solved":true}