{"Timer":{"mp_compute_time":1.6030002143452293e-06,"s_compute_time":8.99979113455629e-09,"ta_compute_time":1.9499998415994924e-07,"total_compute_time":1.8069999896397348e-06,"tp_compute_time":0.0},"makespan":3160.604736328125,"nodes_expanded":17,"nodes_visited":816,"solved":true}