{"Timer":{"mp_compute_time":1.6970001297522685e-06,"s_compute_time":6.000050234433729e-09,"ta_compute_time":3.009997726621805e-07,"total_compute_time":2.0039999526488828e-06,"tp_compute_time":0.0},"makespan":2054.686767578125,"nodes_expanded":20,"nodes_visited":933,"solved":true}