{"Timer":{"mp_compute_time":3.0709989005117677e-06,"s_compute_time":4.399953468237072e-08,"ta_compute_time":1.691001671133563e-06,"total_compute_time":4.806000106327701e-06,"tp_compute_time":0.0},"makespan":6119.244140625,"nodes_expanded":27,"nodes_visited":3861,"solved":true}