{"Timer":{"mp_compute_time":5.35000083345949e-07,"s_compute_time":1.9999220057798084e-09,"ta_compute_time":1.2499998547355062e-07,"total_compute_time":6.619999908252794e-07,"tp_compute_time":0.0},"makespan":1617.6712646484375,"nodes_expanded":17,"nodes_visited":1632,"solved":true}