{"Timer":{"mp_compute_time":3.061999223064049e-06,"s_compute_time":6.999925972195342e-09,"ta_compute_time":4.860007720708381e-07,"total_compute_time":3.5549999211070826e-06,"tp_compute_time":0.0},"makespan":4835.5791015625,"nodes_expanded":24,"nodes_visited":3036,"solved":true}