{"Timer":{"mp_compute_time":2.7999999474559445e-07,"s_compute_time":0.0,"ta_compute_time":5.3999997362552676e-08,"total_compute_time":3.339999921081471e-07,"tp_compute_time":0.0},"makespan":1957.9041748046875,"nodes_expanded":13,"nodes_visited":468,"solved":true}