{"Timer":{"mp_compute_time":9.840001666816534e-07,"s_compute_time":6.999925972195342e-09,"ta_compute_time":2.3399991277983645e-07,"total_compute_time":1.2250000054336851e-06,"tp_compute_time":0.0},"makespan":2739.9365234375,"nodes_expanded":17,"nodes_visited":816,"solved":true}