{"Timer":{"mp_compute_time":2.5099993194999115e-07,"s_compute_time":1.000017846308765e-09,"ta_compute_time":6.00000475969864e-08,"total_compute_time":3.119999973932863e-07,"tp_compute_time":0.0},"makespan":1927.2039794921875,"nodes_expanded":13,"nodes_visited":468,"solved":true}