{"Timer":{"mp_compute_time":2.799999379021756e-07,"s_compute_time":0.0,"ta_compute_time":2.7800007273981464e-07,"total_compute_time":5.580000106419902e-07,"tp_compute_time":0.0},"makespan":1142.513916015625,"nodes_expanded":169,"nodes_visited":6904,"solved":true}