{"Timer":{"mp_compute_time":9.429999749954732e-07,"s_compute_time":0.0,"ta_compute_time":8.099999604382901e-08,"total_compute_time":1.0239999710393022e-06,"tp_compute_time":0.0},"makespan":1604.9573974609375,"nodes_expanded":43,"nodes_visited":624,"solved":true}