{"Timer":{"mp_compute_time":2.579999431873148e-07,"s_compute_time":1.000017846308765e-09,"ta_compute_time":4.320000641655497e-07,"total_compute_time":6.910000251991733e-07,"tp_compute_time":0.0},"makespan":1288.457763671875,"nodes_expanded":263,"nodes_visited":3581,"solved":true}