{"Timer":{"mp_compute_time":3.051998419323354e-06,"s_compute_time":2.6000179786933586e-08,"ta_compute_time":1.7840013697423274e-06,"total_compute_time":4.861999968852615e-06,"tp_compute_time":0.0},"makespan":4857.6923828125,"nodes_expanded":27,"nodes_visited":3861,"solved":true}