{"Timer":{"mp_compute_time":1.7550000848132186e-06,"s_compute_time":9.99875737761613e-10,"ta_compute_time":1.9100014014838962e-07,"total_compute_time":1.94700010069937e-06,"tp_compute_time":0.0},"makespan":1849.40087890625,"nodes_expanded":17,"nodes_visited":816,"solved":true}