{"Timer":{"mp_compute_time":6.240002221602481e-07,"s_compute_time":1.9998083189420868e-09,"ta_compute_time":2.4199994186346885e-07,"total_compute_time":8.67999972342659e-07,"tp_compute_time":0.0},"makespan":2052.395263671875,"nodes_expanded":17,"nodes_visited":816,"solved":true}