{"Timer":{"mp_compute_time":1.578000023982895e-06,"s_compute_time":0.0,"ta_compute_time":5.499998678715201e-08,"total_compute_time":1.633000010770047e-06,"tp_compute_time":0.0},"makespan":1349.86474609375,"nodes_expanded":21,"nodes_visited":568,"solved":true}