{"Timer":{"mp_compute_time":9.040003305926803e-07,"s_compute_time":2.999911430379143e-09,"ta_compute_time":2.349997316741792e-07,"total_compute_time":1.1419999736972386e-06,"tp_compute_time":0.0},"makespan":3167.119140625,"nodes_expanded":17,"nodes_visited":816,"solved":true}