{"Timer":{"mp_compute_time":2.609999398828222e-07,"s_compute_time":9.999894245993346e-10,"ta_compute_time":6.40000621388026e-08,"total_compute_time":3.2599999144622416e-07,"tp_compute_time":0.0},"makespan":1651.4189453125,"nodes_expanded":17,"nodes_visited":491,"solved":true}