{"Timer":{"mp_compute_time":2.5290000849054195e-06,"s_compute_time":9.999894245993346e-10,"ta_compute_time":1.3899989426136017e-07,"total_compute_time":2.668999968591379e-06,"tp_compute_time":0.0},"makespan":2402.5078125,"nodes_expanded":17,"nodes_visited":1632,"solved":true}