{"Timer":{"mp_compute_time":6.250000978980097e-07,"s_compute_time":-1.1368683772161603e-13,"ta_compute_time":1.7900003967952216e-07,"total_compute_time":8.040000238906941e-07,"tp_compute_time":0.0},"makespan":1105.6832275390625,"nodes_expanded":26,"nodes_visited":2024,"solved":true}