{"Timer":{"mp_compute_time":2.3699998052961746e-07,"s_compute_time":1.000017846308765e-09,"ta_compute_time":1.4999999464748726e-08,"total_compute_time":2.529999960643181e-07,"tp_compute_time":0.0},"makespan":2289.884765625,"nodes_expanded":17,"nodes_visited":1632,"solved":true}