{"Timer":{"mp_compute_time":2.379999699542168e-07,"s_compute_time":3.00003932807158e-09,"ta_compute_time":1.5999999547489097e-08,"total_compute_time":2.570000106061343e-07,"tp_compute_time":0.0},"makespan":1648.4710693359375,"nodes_expanded":17,"nodes_visited":1632,"solved":true}