{"Timer":{"mp_compute_time":2.0679990484495647e-06,"s_compute_time":9.999894245993346e-09,"ta_compute_time":1.4740010101377266e-06,"total_compute_time":3.5519999528332846e-06,"tp_compute_time":0.0},"makespan":1858.37744140625,"nodes_expanded":418,"nodes_visited":6596,"solved":true}