{"Timer":{"mp_compute_time":1.6390001746913185e-06,"s_compute_time":4.999947122996673e-09,"ta_compute_time":2.809999841701938e-07,"total_compute_time":1.925000105984509e-06,"tp_compute_time":0.0},"makespan":1938.0517578125,"nodes_expanded":18,"nodes_visited":843,"solved":true}