{"Timer":{"mp_compute_time":2.1329994979168987e-06,"s_compute_time":1.999978849198669e-09,"ta_compute_time":7.180005923146382e-07,"total_compute_time":2.8530000690807356e-06,"tp_compute_time":0.0},"makespan":4836.544921875,"nodes_expanded":26,"nodes_visited":3900,"solved":true}