{"Timer":{"mp_compute_time":1.1370001402610797e-06,"s_compute_time":7.999915396794677e-09,"ta_compute_time":7.000000135093387e-09,"total_compute_time":1.1520000953169074e-06,"tp_compute_time":0.0},"makespan":2749.94189453125,"nodes_expanded":17,"nodes_visited":816,"solved":true}