{"Timer":{"mp_compute_time":6.710001798637677e-07,"s_compute_time":9.99875737761613e-10,"ta_compute_time":1.559999418532243e-07,"total_compute_time":8.279999974547536e-07,"tp_compute_time":0.0},"makespan":1105.32568359375,"nodes_expanded":19,"nodes_visited":1816,"solved":true}