{"Timer":{"mp_compute_time":3.1799996236259176e-07,"s_compute_time":0.0,"ta_compute_time":4.7000042968647904e-08,"total_compute_time":3.6500000533123966e-07,"tp_compute_time":0.0},"makespan":1417.2703857421875,"nodes_expanded":13,"nodes_visited":468,"solved":true}