{"Timer":{"mp_compute_time":1.4500000133921276e-07,"s_compute_time":0.0,"ta_compute_time":1.999999943436137e-09,"total_compute_time":1.4699999439926614e-07,"tp_compute_time":0.0},"makespan":1909.046875,"nodes_expanded":13,"nodes_visited":468,"solved":true}