{"Timer":{"mp_compute_time":2.269999725967864e-07,"s_compute_time":2.000021481762815e-09,"ta_compute_time":7.000000135093387e-09,"total_compute_time":2.3599999110501813e-07,"tp_compute_time":0.0},"makespan":2787.3544921875,"nodes_expanded":17,"nodes_visited":816,"solved":true}