{"Timer":{"mp_compute_time":7.470001719411812e-07,"s_compute_time":3.999787168140756e-09,"ta_compute_time":2.2600005422646063e-07,"total_compute_time":9.770000133357826e-07,"tp_compute_time":0.0},"makespan":1764.553466796875,"nodes_expanded":17,"nodes_visited":816,"solved":true}