{"Timer":{"mp_compute_time":6.72000169288367e-07,"s_compute_time":3.999787168140756e-09,"ta_compute_time":2.240000185338431e-07,"total_compute_time":8.999999749903509e-07,"tp_compute_time":0.0},"makespan":1629.3900146484375,"nodes_expanded":22,"nodes_visited":951,"solved":true}