{"Timer":{"mp_compute_time":2.5540000478940783e-06,"s_compute_time":3.0000137485330924e-08,"ta_compute_time":2.6959000024362467e-05,"total_compute_time":2.95429999823682e-05,"tp_compute_time":0.0},"makespan":1953.51416015625,"nodes_expanded":7870,"nodes_visited":127198,"solved":true}