{"Timer":{"mp_compute_time":8.59000067521265e-07,"s_compute_time":8.999904821394011e-09,"ta_compute_time":3.079999828514701e-07,"total_compute_time":1.1759999551941291e-06,"tp_compute_time":0.0},"makespan":1883.361328125,"nodes_expanded":30,"nodes_visited":902,"solved":true}