{"Timer":{"mp_compute_time":3.3099996699093026e-07,"s_compute_time":4.00004296352563e-09,"ta_compute_time":1.5999999547489097e-08,"total_compute_time":3.5100001127830183e-07,"tp_compute_time":0.0},"makespan":2388.13330078125,"nodes_expanded":17,"nodes_visited":1632,"solved":true}