{"Timer":{"mp_compute_time":8.070001058513299e-07,"s_compute_time":1.9999220057798084e-09,"ta_compute_time":1.349999934063817e-07,"total_compute_time":9.440000212634914e-07,"tp_compute_time":0.0},"makespan":1082.578857421875,"nodes_expanded":17,"nodes_visited":1632,"solved":true}