{"Timer":{"mp_compute_time":1.0040002962341532e-06,"s_compute_time":1.1399993127270136e-07,"ta_compute_time":0.00015142100164666772,"total_compute_time":0.0001525389961898327,"tp_compute_time":0.0},"makespan":2206.313720703125,"nodes_expanded":55418,"nodes_visited":726624,"solved":true}