{"Timer":{"mp_compute_time":3.150000225105032e-07,"s_compute_time":0.0,"ta_compute_time":6.799999141549051e-08,"total_compute_time":3.830000139259937e-07,"tp_compute_time":0.0},"makespan":4807.85546875,"nodes_expanded":16,"nodes_visited":1320,"solved":true}