{"Timer":{"mp_compute_time":2.18999943513154e-07,"s_compute_time":2.000049903472245e-09,"ta_compute_time":1.5999999547489097e-08,"total_compute_time":2.3699999474047218e-07,"tp_compute_time":0.0},"makespan":1351.49560546875,"nodes_expanded":17,"nodes_visited":1632,"solved":true}