{"Timer":{"mp_compute_time":3.1599995509168366e-07,"s_compute_time":1.999978849198669e-09,"ta_compute_time":4.600005354404857e-08,"total_compute_time":3.639999874849309e-07,"tp_compute_time":0.0},"makespan":1081.6336669921875,"nodes_expanded":13,"nodes_visited":468,"solved":true}