{"Timer":{"mp_compute_time":5.870000450158841e-07,"s_compute_time":0.0,"ta_compute_time":5.299995109453448e-08,"total_compute_time":6.399999961104186e-07,"tp_compute_time":0.0},"makespan":1414.3861083984375,"nodes_expanded":21,"nodes_visited":526,"solved":true}