{"Timer":{"mp_compute_time":2.6619995878718328e-06,"s_compute_time":0.0,"ta_compute_time":1.430003067071084e-07,"total_compute_time":2.804999894578941e-06,"tp_compute_time":0.0},"makespan":1043.7174072265625,"nodes_expanded":22,"nodes_visited":1772,"solved":true}