{"Timer":{"mp_compute_time":2.0599998151737964e-07,"s_compute_time":1.000017846308765e-09,"ta_compute_time":1.999999943436137e-09,"total_compute_time":2.089999924237418e-07,"tp_compute_time":0.0},"makespan":1478.6197509765625,"nodes_expanded":13,"nodes_visited":468,"solved":true}