{"Timer":{"mp_compute_time":7.340001957345521e-07,"s_compute_time":7.999858553375816e-09,"ta_compute_time":2.7899994847757625e-07,"total_compute_time":1.0210000027655042e-06,"tp_compute_time":0.0},"makespan":2094.11572265625,"nodes_expanded":19,"nodes_visited":848,"solved":true}