{"Timer":{"mp_compute_time":7.350002988459892e-07,"s_compute_time":1.9998083189420868e-09,"ta_compute_time":2.469999458298844e-07,"total_compute_time":9.840000529948156e-07,"tp_compute_time":0.0},"makespan":3818.290283203125,"nodes_expanded":17,"nodes_visited":816,"solved":true}