{"Timer":{"mp_compute_time":1.7999995804984792e-07,"s_compute_time":1.0000462680181954e-09,"ta_compute_time":1.5999999547489097e-08,"total_compute_time":1.9700000564171205e-07,"tp_compute_time":0.0},"makespan":1616.3323974609375,"nodes_expanded":17,"nodes_visited":1632,"solved":true}