{"Timer":{"mp_compute_time":5.880001481273212e-07,"s_compute_time":9.998188943427522e-10,"ta_compute_time":1.4100004364081542e-07,"total_compute_time":7.300000106624793e-07,"tp_compute_time":0.0},"makespan":1138.5350341796875,"nodes_expanded":20,"nodes_visited":1725,"solved":true}