{"Timer":{"mp_compute_time":9.000002592074452e-07,"s_compute_time":1.9999220057798084e-09,"ta_compute_time":3.109998374384304e-07,"total_compute_time":1.2130000186516554e-06,"tp_compute_time":0.0},"makespan":2297.193603515625,"nodes_expanded":22,"nodes_visited":983,"solved":true}