{"Timer":{"mp_compute_time":6.120000648479618e-07,"s_compute_time":9.999894245993346e-10,"ta_compute_time":6.499993787656422e-08,"total_compute_time":6.779999921491253e-07,"tp_compute_time":0.0},"makespan":1406.9490966796875,"nodes_expanded":25,"nodes_visited":604,"solved":true}