{"Timer":{"mp_compute_time":2.809999841701938e-07,"s_compute_time":0.0,"ta_compute_time":6.000001917527698e-08,"total_compute_time":3.4100000334547076e-07,"tp_compute_time":0.0},"makespan":1621.0584716796875,"nodes_expanded":16,"nodes_visited":479,"solved":true}