{"Timer":{"mp_compute_time":1.3170000556783634e-06,"s_compute_time":3.999957698397338e-09,"ta_compute_time":1.4999999464748726e-08,"total_compute_time":1.3359999684325885e-06,"tp_compute_time":0.0},"makespan":1957.2093505859375,"nodes_expanded":17,"nodes_visited":1632,"solved":true}