{"Timer":{"mp_compute_time":3.280000271388417e-07,"s_compute_time":0.0,"ta_compute_time":2.3999973564059474e-08,"total_compute_time":3.5200000070290116e-07,"tp_compute_time":0.0},"makespan":1142.60205078125,"nodes_expanded":13,"nodes_visited":468,"solved":true}