{"Timer":{"mp_compute_time":2.90999935259606e-07,"s_compute_time":0.0,"ta_compute_time":2.800000515890133e-07,"total_compute_time":5.709999868486193e-07,"tp_compute_time":0.0},"makespan":1051.454345703125,"nodes_expanded":122,"nodes_visited":2895,"solved":true}