{"Timer":{"mp_compute_time":3.260000198679336e-07,"s_compute_time":5.999993391014868e-09,"ta_compute_time":6.000000052353016e-09,"total_compute_time":3.380000066499633e-07,"tp_compute_time":0.0},"makespan":3292.30712890625,"nodes_expanded":17,"nodes_visited":816,"solved":true}