{"Timer":{"mp_compute_time":6.190001045069948e-07,"s_compute_time":-1.1368683772161603e-13,"ta_compute_time":1.6199999208765803e-07,"total_compute_time":7.809999829078151e-07,"tp_compute_time":0.0},"makespan":1054.3389892578125,"nodes_expanded":21,"nodes_visited":1836,"solved":true}