{"Timer":{"mp_compute_time":6.770002300982014e-07,"s_compute_time":-2.2737367544323206e-13,"ta_compute_time":1.349999934063817e-07,"total_compute_time":8.119999961309077e-07,"tp_compute_time":0.0},"makespan":1598.2264404296875,"nodes_expanded":17,"nodes_visited":1632,"solved":true}