{
  "Timer": {
    "mp_compute_time": 1.7300000365594315e-07,
    "s_compute_time": 2.999996695507434e-09,
    "ta_compute_time": 1.999999943436137e-09,
    "total_compute_time": 1.7799999341150397e-07,
    "tp_compute_time": 0.0
  },
  "makespan": 2276.86376953125,
  "nodes_expanded": 13,
  "nodes_visited": 468,
  "solved": true
}