{"Timer":{"mp_compute_time":8.960003015090479e-07,"s_compute_time":2.9997977435414214e-09,"ta_compute_time":1.2299999525566818e-06,"total_compute_time":2.1289999949658522e-06,"tp_compute_time":0.0},"makespan":1977.3406982421875,"nodes_expanded":394,"nodes_visited":5747,"solved":true}