{"Timer":{"mp_compute_time":6.340001164062414e-07,"s_compute_time":-1.1368683772161603e-13,"ta_compute_time":1.2999998943996616e-07,"total_compute_time":7.639999921593699e-07,"tp_compute_time":0.0},"makespan":1090.52587890625,"nodes_expanded":17,"nodes_visited":1632,"solved":true}