{"Timer":{"mp_compute_time":6.820001203777792e-07,"s_compute_time":1.9999220057798084e-09,"ta_compute_time":1.409999299539777e-07,"total_compute_time":8.249999723375367e-07,"tp_compute_time":0.0},"makespan":1096.729736328125,"nodes_expanded":20,"nodes_visited":1678,"solved":true}