{"Timer":{"mp_compute_time":2.3999993459256075e-07,"s_compute_time":2.0000641143269604e-09,"ta_compute_time":4.800000041882413e-08,"total_compute_time":2.900000026784255e-07,"tp_compute_time":0.0},"makespan":7060.3125,"nodes_expanded":27,"nodes_visited":3510,"solved":true}