{"Timer":{"mp_compute_time":2.8099995574848435e-07,"s_compute_time":0.0,"ta_compute_time":6.00000475969864e-08,"total_compute_time":3.4100000334547076e-07,"tp_compute_time":0.0},"makespan":2020.832763671875,"nodes_expanded":13,"nodes_visited":468,"solved":true}