{"Timer":{"mp_compute_time":2.946999074993073e-06,"s_compute_time":8.999904821394011e-09,"ta_compute_time":1.6570008938288083e-06,"total_compute_time":4.612999873643275e-06,"tp_compute_time":0.0},"makespan":1850.6104736328125,"nodes_expanded":666,"nodes_visited":8337,"solved":true}