{"Timer":{"mp_compute_time":2.469999742515938e-07,"s_compute_time":2.00003569261753e-09,"ta_compute_time":6.000000052353016e-09,"total_compute_time":2.550000033352262e-07,"tp_compute_time":0.0},"makespan":2577.936767578125,"nodes_expanded":17,"nodes_visited":816,"solved":true}