{"Timer":{"mp_compute_time":6.960000291655888e-07,"s_compute_time":4.999947122996673e-09,"ta_compute_time":1.4000000270186774e-08,"total_compute_time":7.149999987632327e-07,"tp_compute_time":0.0},"makespan":2296.98291015625,"nodes_expanded":17,"nodes_visited":1632,"solved":true}