{"Timer":{"mp_compute_time":6.950000965844083e-07,"s_compute_time":-1.1368683772161603e-13,"ta_compute_time":1.3400000398178236e-07,"total_compute_time":8.289999868793529e-07,"tp_compute_time":0.0},"makespan":2083.701904296875,"nodes_expanded":17,"nodes_visited":1632,"solved":true}