{"Timer":{"mp_compute_time":4.210000668081193e-07,"s_compute_time":1.000017846308765e-09,"ta_compute_time":6.199991275934735e-08,"total_compute_time":4.839999974137754e-07,"tp_compute_time":0.0},"makespan":1296.9093017578125,"nodes_expanded":16,"nodes_visited":477,"solved":true}