{"Timer":{"mp_compute_time":3.2799999871713226e-07,"s_compute_time":0.0,"ta_compute_time":6.199999802447564e-08,"total_compute_time":3.899999967416079e-07,"tp_compute_time":0.0},"makespan":1663.3583984375,"nodes_expanded":15,"nodes_visited":480,"solved":true}