{"Timer":{"mp_compute_time":2.859999597148999e-07,"s_compute_time":0.0,"ta_compute_time":5.8000040326078306e-08,"total_compute_time":3.440000000409782e-07,"tp_compute_time":0.0},"makespan":1644.970947265625,"nodes_expanded":18,"nodes_visited":522,"solved":true}