{"Timer":{"mp_compute_time":1.1409999842726393e-06,"s_compute_time":0.0,"ta_compute_time":1.910000264615519e-07,"total_compute_time":1.3320000107341912e-06,"tp_compute_time":0.0},"makespan":1301.108642578125,"nodes_expanded":115,"nodes_visited":1457,"solved":true}