{"Timer":{"mp_compute_time":5.300000793795334e-07,"s_compute_time":9.998188943427522e-10,"ta_compute_time":1.280001242776052e-07,"total_compute_time":6.590000225514814e-07,"tp_compute_time":0.0},"makespan":1088.9365234375,"nodes_expanded":17,"nodes_visited":1632,"solved":true}