{"Timer":{"mp_compute_time":1.0280002697982127e-06,"s_compute_time":4.999947122996673e-09,"ta_compute_time":3.28999817611475e-07,"total_compute_time":1.3620000345326844e-06,"tp_compute_time":0.0},"makespan":2286.263916015625,"nodes_expanded":26,"nodes_visited":1009,"solved":true}