{"Timer":{"mp_compute_time":7.05999980255001e-07,"s_compute_time":4.000014541816199e-09,"ta_compute_time":3.599999942593968e-08,"total_compute_time":7.460000119863253e-07,"tp_compute_time":0.0},"makespan":5896.63037109375,"nodes_expanded":24,"nodes_visited":3036,"solved":true}