{"Timer":{"mp_compute_time":2.0899994979117764e-07,"s_compute_time":2.000049903472245e-09,"ta_compute_time":1.4999999464748726e-08,"total_compute_time":2.2599999738304177e-07,"tp_compute_time":0.0},"makespan":2308.2822265625,"nodes_expanded":17,"nodes_visited":1632,"solved":true}