{"Timer":{"mp_compute_time":7.150000556066516e-07,"s_compute_time":-5.684341886080802e-14,"ta_compute_time":1.6400002778027556e-07,"total_compute_time":8.790000265435083e-07,"tp_compute_time":0.0},"makespan":1105.7381591796875,"nodes_expanded":26,"nodes_visited":1968,"solved":true}