{"Timer":{"mp_compute_time":2.909999636813154e-07,"s_compute_time":9.999894245993346e-10,"ta_compute_time":4.7000042968647904e-08,"total_compute_time":3.3899999607456266e-07,"tp_compute_time":0.0},"makespan":1725.8055419921875,"nodes_expanded":13,"nodes_visited":468,"solved":true}