{"Timer":{"mp_compute_time":2.9860000267944997e-06,"s_compute_time":3.999957698397338e-09,"ta_compute_time":1.910000264615519e-07,"total_compute_time":3.181000010954449e-06,"tp_compute_time":0.0},"makespan":2663.0517578125,"nodes_expanded":17,"nodes_visited":816,"solved":true}