{"Timer":{"mp_compute_time":3.1999996963349986e-07,"s_compute_time":0.0,"ta_compute_time":2.700002710298577e-08,"total_compute_time":3.4699999673648563e-07,"tp_compute_time":0.0},"makespan":1528.0400390625,"nodes_expanded":13,"nodes_visited":468,"solved":true}