{"Timer":{"mp_compute_time":8.960001309787913e-07,"s_compute_time":5.999879704177147e-09,"ta_compute_time":1.9200001588615123e-07,"total_compute_time":1.0940000265691197e-06,"tp_compute_time":0.0},"makespan":2454.115234375,"nodes_expanded":17,"nodes_visited":816,"solved":true}