{"Timer":{"mp_compute_time":5.160000000614673e-07,"s_compute_time":-5.684341886080802e-14,"ta_compute_time":1.3100003570798435e-07,"total_compute_time":6.469999789260328e-07,"tp_compute_time":0.0},"makespan":1151.875,"nodes_expanded":17,"nodes_visited":1632,"solved":true}