{"Timer":{"mp_compute_time":1.2800001059076749e-06,"s_compute_time":0.0,"ta_compute_time":2.4999849301821087e-08,"total_compute_time":1.304999955209496e-06,"tp_compute_time":0.0},"makespan":1138.17236328125,"nodes_expanded":13,"nodes_visited":468,"solved":true}