{"Timer":{"mp_compute_time":5.71000100535457e-07,"s_compute_time":0.0,"ta_compute_time":4.699990086010075e-08,"total_compute_time":6.180000013955578e-07,"tp_compute_time":0.0},"makespan":1430.3355712890625,"nodes_expanded":14,"nodes_visited":482,"solved":true}