{"Timer":{"mp_compute_time":6.070001177249651e-07,"s_compute_time":-1.1368683772161603e-13,"ta_compute_time":1.3199996828916483e-07,"total_compute_time":7.389999723272922e-07,"tp_compute_time":0.0},"makespan":996.2830810546875,"nodes_expanded":17,"nodes_visited":1632,"solved":true}