{"Timer":{"mp_compute_time":2.2699995838593168e-07,"s_compute_time":4.00004296352563e-09,"ta_compute_time":7.000000135093387e-09,"total_compute_time":2.3799999837592622e-07,"tp_compute_time":0.0},"makespan":2463.632568359375,"nodes_expanded":17,"nodes_visited":816,"solved":true}